,Tweets
0,Artis sekaligus Youtuber Deddy Corbuzier lagi berbunga-bunga. Sebab dua drifter Alpha Rules Drift Team naik podium… https://t.co/64ZCsJSUpd
1,"Top Topan merupakan lagu pop berbahasa Jawa yang mengusung tema cinta, khususnya tentang patah hati. Berikut cerita… https://t.co/gBsZbka9fu"
2,TGIPF merekomendasikan setiap klub sepakbola memiliki stadion pribadi untuk berlaga. Hal ini dikatakan oleh anggota… https://t.co/XoqwEiDvFN
3,"Istri Gubernur Jawa Barat Ridwan Kamil, Atalia Praratya berhasil lulus Program Doktor Ilmu Komunikasi Unpad. Teliti… https://t.co/B8aJnFZleq"
4,"Selain dijadikan untuk konten YouTube, rumah kosong di Bandung ternyata jadi sasaran maling. Ratusan barang di loka… https://t.co/7KfUcJ2E9Z"
5,"Seorang balita yang menjadi satu-satunya anak yang selamat dalam pembantaian massal di Thailand, tengah tertidur di… https://t.co/GGQtqFxzrk"
6,"Chee Hoi Lan, seorang wanita Tionghoa menerima penghargaan Ikon Ibu Sejati-Keluarga Malaysia karena membesarkan ana… https://t.co/y8NmptcUMx"
7,Seorang wanita bernama Brooke Martin jadi viral di TikTok karena penampilannya rahang yang kotak. Dia di-bully miri… https://t.co/5wcBw3qJeV
8,Mengerikan dan mencekam adalah kalimat yang tepat menggambarkan suasana di pintu 13 Stadion Kanjuruhan usai laga Ar… https://t.co/OWhoSUDPzR
9,Aniesmengatakan dirinya rutin bertemu dengan tokoh dan pemuka agama di Jakarta jelang jabatannya berakhir. Dia meng… https://t.co/VFkrw0YvQU
10,Banjir di kawasan Bandung Selatan diklaim telah jauh berkurang. Hal itu berkat beberapa upaya yang dilakukan pemeri… https://t.co/JnW8hVC16V
11,Suga BTS terbang ke Jepang untuk menghadiri pertandingan basket NBA. Momen pertemuannya dengan pemain Golden State… https://t.co/yu81ZZndGR
12,"Gubernur DKI Jakarta Anies Baswedan meresmikan Gapura Little India di Pasar Baru, Jakarta Pusat. https://t.co/vnbvT96pqB"
13,"Anies Baswedan mengatakan DKI Jakarta pasti dilanda banjir jika hadapi cuaca ekstrem. Kendati begitu, Anies mengkla… https://t.co/qqzfHGX7zn"
14,"Rumah tangga Lesti Kejora dan Rizky Billar saat ini tengah disorot karena kasus KDRT. Tak hanya itu saja, netizen j… https://t.co/q0dviFeFDP"
15,Calista Felicia Ghaydaqila dinobatkan jadi lulusan termuda dalam Wisuda UB Periode I Tahun 2022. Ia lulus di usia 1… https://t.co/hQRiHGvVCz
16,"Sudah jadi rahasia umum jika Syahrini gemar mengenakan barang bermerek yang harganya fantastis, bahkan sampai milia… https://t.co/dMGjwHpUCN"
17,Ekspresi tak biasa dari ibu mertua saat hadiri pernikahan anaknya viral di media sosial. Ternyata keduanya punya hu… https://t.co/BPzw7FxQwq
18,"Kapolri Jenderal Listyo Sigit Prabowo memutasi ajudan Presiden Jokowi, Kombes Adi Vivid Agustiadi Bachtiar, menjadi… https://t.co/KVi6FDODKG"
19,Koordinator Security Official Arema FC Suko Sutrisno ditetapkan sebagai salah satu tersangka Tragedi Kanjuruhan. Ia… https://t.co/nXLPh0d6ed
20,"UniRank telah merilis daftar perguruan tinggi terbaik di Indonesia. Sebagai salah satu kota pelajar, apa saja pergu… https://t.co/JaJED4ehRt"
21,Rizky Billar menjadi salah satu artis yang terlihat cukup sering memamerkan kehidupan mewahnya di Instagram. Beriku… https://t.co/JQLlaQNbd4
22,"Antara pulau Diomede kecil dan Diomede besar hanya berjarak 3,8 kilometer. Tapi di dua pulau ini terdapat perbedaan… https://t.co/iWinc0iRvl"
23,"Jika biasanya tampil dengan wajah penuh riasan di acara-acara televisi, maka saat berada di rumah Ayu tampak lebih… https://t.co/3dRxUNxdP0"
24,Kepala ruangan VIP A Rumah Sakit Umum Daerah (RSUD) Dompu angkat bicara soal pasien yang diduga dipulangkan paksa o… https://t.co/6FkKOykhN0
25,"Pemilik warung 'Bu Ayu' harus mengalami kerugian hingga Rp 11,5 juta. Barang dagangan basah karena banjir dan terpa… https://t.co/tSJ6H8AmSQ"
26,"Penyidik KPK memeriksa sejumlah pihak untuk menelusuri kasus suap Rektor Unila, Karomani. Salah satu yang diperiksa… https://t.co/NDFwAYB9rH"
27,"Antoine Griezmann resmi dipermanenkan Atletico Madrid dari Barcelona. Ia ditebus dengan harga miring, yakni 20 juta… https://t.co/oF3fzz7gt0"
28,Kapolri Jenderal Listyo Sigit Prabowo memutasi Irjen Nico Afinta dari jabatan Kapolda Jawa Timur. Irjen Nico kini d… https://t.co/Wsa9Q7g6JF
29,Arbi Leo mengungkapkan terima kasih atas kepercayaan yang diberikan oleh Pemerintah terkhusus atas inisiasi Kemenko… https://t.co/JELQpQR8lV
30,"Carmen Dell'orefice merupakan supermodel tertua yang masih hidup. Di usia yang kini 91 tahun, Carmen menjalani pemo… https://t.co/tYWpeRkAM4"
31,keberhasilan Jokowi dalam membangun Provinsi Papua dan Provinsi Papua Barat itu harus dilanjutkan dan terus ditingk… https://t.co/JP6wvGofaS
32,Jalan Provinsi Banjarnegara-Dieng via Kecamatan Karangkobar putus akibat tertimbun longsor. Untuk sementara rute ke… https://t.co/znKoMoWPdp
33,Chicco Jerikho akan beradu akting dengan Kim Sejeong dalam sebuah mini series. Fotonya bersama artis Korea itu rama… https://t.co/U7HlcejmFO
34,"Ellie Nash, wanita asal Melbourne, Australia hidup dengan payudara yang terus bertumbuh. Dia mengaku begitu menderi… https://t.co/n4LIZrcjzR"
35,Maxime Bouttier berhasil membanggakan Indonesia dengan tampil dalam film Hollywood 'Ticket to Paradise'. Seperti ap… https://t.co/wJYFDwsgoh
36,"Kebakaran salah satu sepeda motor sempat terjadi di salah satu SPBU kawasan Desa Leuwimalang, Cisarua, Kabupaten Bo… https://t.co/8GJHgcaESa"
37,"KPK akan melakukan lelang sejumlah barang rampasan milik terpidana kasus korupsi, termasuk paketan mobil mewah. KPK… https://t.co/okaoFxiMjh"
38,"Ketua KONI Kampar, Surya Darmawan menyerahkan diri ke Kejaksaan Tinggi Riau. Dia menyerahkan diri setelah menjadi b… https://t.co/KxUCsBT5Jj"
39,"Sebagai pengganti baju ulang tahun, Gwyneth Paltrow mewarnai setengah bagian tubuhnya dengan cat emas. Ini dia potr… https://t.co/BLartnC7rW"
40,"Kadiv Humas Polri Irjen Dedi Prasetyo mengakui, ada penggunaan gas air mata kedaluwarsa dalam Tragedi Kanjuruhan. J… https://t.co/qA7SjNRnPk"
41,"Banyak mahasiswa yang mengincar beasiswa LPDP. Sebelum pendaftarannya dibuka, kamu bisa siapkan berbagai dokumen ya… https://t.co/u46Pxbldqf"
42,Politikus NasDem Zulfan Lindan menilai usulan relawan soal reshuffle kabinet tak perlu didengar. Dia meyakini Jokow… https://t.co/x103Up8a8Y
43,Erma Hermina melaporkan 10 orang Youtuber ke Polda Jabar karena memakai rumah peninggalan ibunya tanpa izin untuk d… https://t.co/5cnu4fzNd0
44,"Gubernur DKI Jakarta Anies Baswedan meresmikan Masjid At Tabayyun di Taman Villa Meruya, Jakbar. Proses pembangunan… https://t.co/zCgfNL0Nmc"
45,Denise Chariesta dipolisikan oleh Farhat Abbas gegara menyebut 'Partai Bodoh'. Farhat Abbas selaku Ketum Partai Pan… https://t.co/lmQHFwLnqJ
46,Sebanyak 10 YouTuber dilaporkan ke polisi karena menggunakan rumah kosong untuk konten horor di Kota Bandung. Merek… https://t.co/CTy6wULPYs
47,Rusia meluncurkan serangan rudal jarak jauh dengan menarget ibu kota Kiev pada Senin (10/10) pagi. Serangan di jant… https://t.co/NQUl99BplR
48,"#FOTO Viral unggahan seorang pria yang dulu taruna gagah, kini memutuskan menjadi seorang 'taruni' alias wanita. In… https://t.co/wUnEoEf7xI"
49,Kim Kardashian mendapat sorakan dari penonton saat muncul di pertandingan football di Los Angeles. Intip gaya Kim n… https://t.co/l4liI6RMQb
50,"Bella Hadid menutup fashion show Coperni di Paris Fashion Week. Tampil topless, Bella disemprot cat 'ajaib' yang me… https://t.co/poR7Umyr4m"
51,"Polisi menduga pelaku pembunuhan PNS Bapenda Kota Semarang, Paulus Iwan, yang tewas sebelum menjadi saksi kasus kor… https://t.co/fHGwFnKAMw"
52,"Sebuah senderan dan palingih piasan di Pura Dadia Penataran Pande Ambal Ambal, Desa Muncan, Kecamatan Selat, Kabupa… https://t.co/DoMu17Z905"
53,Apakah Anda pernah mengalami squirt saat bercinta? Mari membahas apa itu squirting dan tips mencapainya.… https://t.co/bXqZrqx3vB
54,Bella Hadid jadi sorotan saat catwalk untuk Stella McCartney di Paris Fashion Week. Dia pakai jumpsuit jaring mener… https://t.co/sYMrKqKpLH
55,"Untuk berkomunikasi biasanya anak muda di zaman sekarang menggunakan bahasa gaul, termasuk kode-kode angka, seperti… https://t.co/CCZBn7qmp6"
56,"Berada di ketinggian 4.693 Mdpl, mesin ATM yang ada di perbatasan Pakistan-China ini dinobatkan menjadi mesin ATM t… https://t.co/Ce1YOGnRMY"
57,"Tim Gabungan Independen Pencari Fakta (TGIPF) tragedi Kanjuruhan menyebut pintu keluar Stadion Kanjuruhan, Malang,… https://t.co/13xTr7HxDO"
58,"Gempa berkekuatan magnitudo (M) 4,4 terjadi di Kabupaten Aceh Barat Daya. Tak ada potensi tsunami akibat gempa ini. https://t.co/khLlqEKdtW"
59,"Misteri bakul dawet di Stadion Kanjuruhan masih berlanjut. Ternyata, Komnas HAM juga ikut mencari keberadaan penjua… https://t.co/YiRNSkQz8C"
60,Atlet bulutangkis PBSI menggelar doa bersama untuk korban tragedi Kanjuruhan. Mereka panjatkan doa di depan Monumen… https://t.co/EXQRbtQcDK
61,Cardi B pakai dress yang bikin orang bingung dan jadi kontroversi. Dia mengenakan gaun hitam yang bagian belakangny… https://t.co/H3SxN82gQQ
62,Meraih gelar profesor tentu memerlukan durasi yang panjang. Namun beberapa orang ini berhasil meraih gelar tersebut… https://t.co/hQdma0Pcjn
63,Kepala BPBD DKI Jakarta Isnawa Adji mengatakan seluruh banjir di Jakarta sudah surut. Dia juga mengatakan warga tel… https://t.co/KeqCwBY4uG
64,"Upaya I Made Agus Permana Dwiputra (21) bersama teman sekelasnya, I Gede Gunem Kusuma Wijaya (21) untuk mewujudkan… https://t.co/Kop9gl8WOm"
65,"Hujan deras di pesisir selatan Tulungagung memicu banjir bandang di wisata Pantai Gemah, Tulungagung. Sejumlah fasi… https://t.co/sseIKxCPWv"
66,Gubernur Papua Lukas Enembe diangkat menjadi Kepala Suku Adat Besar karena pengabdiannya selama ini. Lukas diangkat… https://t.co/7uumno6YAf
67,"RT @detikfinance: Presiden Jokowi menunjuk Heru Budi Hartono menjadi Penjabat (Pj) Gubernur DKI Jakarta. Berdasarkan LHKPN, Heru Budi Harto…"
68,Heru Budi Hartono menjadi Pj Gubernur DKI menggantikan Anies Baswedan. Presiden Jokowi telah memerintahkan Heru unt… https://t.co/X3EgFM5WQs
69,Pengusutan kasus Tragedi Kanjuruhan mengungkap adanya temuan tentang informasi gas air mata kedaluwarsa. Berikut 4… https://t.co/2JpIwbDlYm
70,Warga Kota Bandung Erma Hermina melaporkan 10 Youtuber ke Polda Jabar karena menggunakan rumah peninggalan ibunya t… https://t.co/Pu57YNGiaA
71,"Atta Halilintar selalu memperhatikan apa saja yang dipakai anak kesayangannya, Ameena. Ini alasan Atta nggak suka a… https://t.co/bqdoWx73B5"
72,Raffi Atha Dziaulhamdi (14) korban selamat ternyata belum tersentuh bantuan pemeritnah. Hal ini diungkapkan keluarg… https://t.co/OPiCzVSCcs
73,Ada petisi kelakar Erling Haaland bukanlah manusia tapi seorang robot. Mesin gol 'si robot Haaland' ini pun baru me… https://t.co/KptLkpcqSZ
74,Baim Wong dan Paula akan diperiksa kembali Kamis (13/10). Pemeriksaan dilakukan terkait laporan UU ITE terhadap ked… https://t.co/RExJXvGK5r
75,"Tim gabungan Polda Aceh berhasil menggagalkan upaya penyelundupan 179 kg sabu dari Malaysia melalui Peureulak, Aceh… https://t.co/T6oHgXz5nI"
76,"Hari ini, ada sederet bencana yang terjadi di Jawa Timur. BMKG Juanda memberi peringatan cuaca ekstrem dalam sepeka… https://t.co/mnIcS8wLyd"
77,"Berlibur di Ubud, traveler bakal disuguhi pemandangan pedesaan dan persawahan yang syahdu. Bila beruntung, traveler… https://t.co/leGtvmRoV3"
78,"Ayo dukung streamer favorite kamu dengan melakukan vote pada laman https://t.co/dCfIv6MGvJ , ikuti terus keseruanny… https://t.co/4NJoGvKeuI"
79,Sidang perdana terdakwa Bharada Eliezer dalam kasus pembunuhan berencana Brigadir Nopriasyah Yosua Hutabarat akan d… https://t.co/MaAdjR2ktG
80,"Seorang pria, Jaki (19), hilang terseret arus saat mengambil topi yang terjatuh ke sungai di Cilegon. Jaki ditemuka… https://t.co/NeldBJ9DsP"
81,Wabup Indramayu Lucky Hakim sebut dirinya siap dipecat dari jabatannya jika terbukti melakukan kesalahan. Baca sele… https://t.co/UVfgd3LJF1
82,"BMKG Klas I Juanda mengimbau waspada potensi cuaca ekstrem. Wilayah Jatim sepekan ini berpotensi genangan, banjir b… https://t.co/BPfRKqpsA1"
83,"Viral! Tak ada jembatan, rombongan pengantin menaiki rakit menembus derasnya sungai di Sukabumi.

Via @detik_jabar https://t.co/L2OpnXIiQV"
84,"Anggota Dewan Pertimbangan Presiden sekaligus Senior PDIP, Sidarto Danusubroto mengungkap kriteria capres partainya… https://t.co/0mK9ZxwzOk"
85,Warga bernama Agung mengatakan peristiwa itu terjadi pada Senin (10/10/2022) sekitar pukul 08.00 WIB. https://t.co/JO2TG5ZeQW
86,Wali Kota Mataram Mohan Roliskana menanggapi tiga pejabat Dinas Perdagangan (Disdag) Kota Mataram yang terseret kas… https://t.co/YjxdeTcCfE
87,Istri dan anak Lukas Enembe menolak menghadiri panggilan KPK sebagai saksi dugaan suap dan gratifikasi. Ini karena… https://t.co/qaIb5TfRv0
88,"Novita Kurnia Putri, tewas usai rumahnya di San Antonio, Texas, Amerika Serikat, diberondong ratusan tembakan. Beri… https://t.co/6fDMwgtCCs"
89,Relawan Arus Bawah Jokowi (ABJ) menyinggung parpol di koalisi pemerintah yang berbelok arah. Partai NasDem berkomit… https://t.co/M3IaUzyrY4
90,Tersangka korupsi Lukas Enembe dikukuhkan menjadi kepala suku besar Papua. Pengukuhan dilakukan di kediaman pribadi… https://t.co/6GTDHVCMKb
91,Dwayne Johnson mendulang dukungan lebih dari 50 persen warga Amerika dalam polling capres. Namun ia menolaknya deng… https://t.co/vGEC7359yB
92,"Ujian bagi The Reds belum berhenti sampai di sini. Akhir pekan ini, Liverpool bakal diuji oleh Man CIty yang bakal… https://t.co/YO1epF1Rbj"
93,"Petugas Damkar sektor Jatinegara mengevakuasi seorang bayi saat banjir melanda kawasan Bidara Cina, Jakarta Timur.… https://t.co/tRZzi8rZNf"
94,Sosok Pangeran Aria Suria Atmadja dikenang dalam bentuk Monumen Lingga yang kini menjadi lambang Kabupaten Sumedang… https://t.co/CsK6sULGUT
95,"Sebelum dipentaskan di TIM akhir pekan lalu, panggung opera Majapahit: Gayatri terlebih dahulu memukau di Edinburgh… https://t.co/XzF9kJdJm6"
96,Komisi Nasional Hak Asasi Manusia mendapatkan temuan adanya gas air mata kedaluwarsa yang ditembakan saat tragedi K… https://t.co/pnajGSSA2Q
97,"Peristiwa itu diketahui terjadi pada Sabtu (8/10), sekitar pukul 16.19 WIB. Polisi masih menyelidikinya. https://t.co/rl9CoESN05"
98,Zelensky menuduh Rusia ingin membinasakan dan menghapus Ukraina dari muka bumi setelah rentetan serangan rudal meng… https://t.co/lRg5n1BbaM
99,Polri telah menetapkan enam tersangka terkait Tragedi Kanjuruhan. Keenamnya dijadwalkan akan diperiksa besok di Pol… https://t.co/MiF8IfyPhG
100,"LSI Denny JA mengungkapkan duet Ganjar-Airlangga akan terjadi jika PDIP gabung ke KIB. Jika benar terjadi, Puan kem… https://t.co/LWw1285xmE"
101,Sejumlah polisi di Malang melakukan sujud massal atas Tragedi Kanjuruhan yang menewaskan 131 orang. Begini momennya. https://t.co/H50lhsufXu
102,Bali meloloskan sembilan usulan Warisan Budaya Tak Benda (WBTB) Indonesia 2022. Dua di antaranya arak Bali dan jaja… https://t.co/CijsmiYuhu
103,"Polisi akan memeriksa saksi terkait kasus dugaan KDRT Rizky Billar. Kali ini, polisi akan memeriksa penjaga rumah. https://t.co/EhfnTTn6QV"
104,Tim Gabungan Independen Pencari Fakta (TGIPF) Tragedi Kanjuruhan memanggil PSSI. Pihak PSSI akan dimintai klarifika… https://t.co/H95cwjKYna
105,BPBD Kota Solo memetakan kawasan rawan bencana banjir dan tanah longsor. Sedikitnya ada 30 titik kawasan rawan banj… https://t.co/900PLAMRnK
106,Seorang turis India melapor kepada kepolisian Pattaya telah kehilangan lebih dari USD 6.000. Uang itu disimpan di b… https://t.co/6ODqKF4H9y
107,"Prakiraan cuaca besok sudah diumumkan oleh BMKG. Sebelum bepergian esok hari, penting untuk memperhatikan prakiraan… https://t.co/MKSFdEhpgM"
108,"Dua orang pengedar narkoba jenis sabu di Desa Cimanggis, Tajur Halang, Bogor ditangkap. Pelaku mengedarkan narkoba… https://t.co/fX2MQ6LC2W"
109,"Video aksi mesum dilakukan dalam tenda di Curug Pangeran, Kecamatan Pamijahan, Kabupaten Bogor, viral di media sosi… https://t.co/ZrZqW16Wrv"
110,Relawan Jokowi mengusulkan Jokowi untuk me-reshuffle kabinet. Politikus senior PDIP Hendrawan Supratikno menilai Jo… https://t.co/44kG6hewHy
111,"Viral postingan di medsos soal pungutan biaya saat melintasi Desa Adat Nagi, Kabupten Gianyar, Bali. Tidak hanya pe… https://t.co/uNluEYgkPR"
112,Garuda Indonesia menebar promo dalam program bertajuk Octobest 10.10. Dihelat sejak 7 Oktober hingga 13 Oktober 202… https://t.co/cWOuUqRARD
113,"Novita Kurnia Putri (25), tewas usai rumahnya di San Antonio, Texas, Amerika Serikat, diberondong ratusan tembakan.… https://t.co/uGzyXXqiAa"
114,"Farel Prayoga dan orang tuanya diketahui berbeda keyakinan. Namun, orang tuanya kerap berpesan agar Farel tak lupa… https://t.co/RIgM6l64Ps"
115,"Anies Baswedan merupakan sosok yang berseberangan secara politik dengan Jokowi dan PDIP. Menurut pengamat, NasDem s… https://t.co/FHZfkRuH9P"
116,Gibran mengaku bosan ditanya soal tudingan kepada Presiden Jokowi terus. Menurutnya isu yang muncul itu-itu saja.… https://t.co/ppU7IMwhvZ
117,KPK memeriksa Rektor Unri Aras Mulyadi. Pemeriksaan digelar disela-sela kegiatan wisuda mahasiswa. https://t.co/dniG2XMSXR
118,"Dari hasil pemeriksaan, BD merasa sakit hati kepada korban. Pasalnya, pelaku mengaku gajinya tidak dibayar oleh kor… https://t.co/CG53Kbypsg"
119,"Cristiano Ronaldo akhirnya pecah telur juga di #PremierLeague, Erik ten Hag memujinya dan turut meminta CR7 untuk t… https://t.co/EMyUnx0Ilz"
120,KPK akan melelang sejumlah barang rampasan milik terpidana kasus korupsi. Bagaimana cara untuk ikutan? #Lelangwww.l… https://t.co/xhU7cEk9F1
121,"Melansir dari situs Sahabat Pegadaian, Senin (10/10/2022), berikut ini merupakan 5 barang yang dapat digadaikan.  https://t.co/RHkHTDhI89"
122,"Gagal ginjal akut tak hanya dialami oleh orang dewasa saja, tetap anak-anak pun berpotensi terkena penyakit tersebu… https://t.co/tmTmreVfCr"
123,Seorang pengusaha di Banyuwangi ditahan kejari. Pengusaha tersebut diduga menggelapkan pajak lebih dari Rp500 juta. https://t.co/3pXaA1T9jd
124,Timnas U-17 dihabisi Malaysia 5-1. Suporter yang kecewa mencari-cari Ketua Umum PSSI Mochammad Iriawan di Twitter.  https://t.co/NGgtccdtyn
125,"Lee Chae Yeon akan debut solo degan merilis HUSH RUSH. Namun, ia dituding meniru konsep album Key SHINee. Waduh...  https://t.co/5a9snc79ex"
126,Koordinator Security Official Arema FC Suko Sutrisno ditetapkan sebagai salah satu tersangka tragedi Kanjuruhan. Ap… https://t.co/yJyQuf4Irh
127,Lulusan pendidikan Golkar Institute diharapkan turut menawarkan dan memberikan solusi terhadap persoalan daya saing… https://t.co/8mwywaYQ0O
128,PKT bekerja sama dengan BNPT untuk menyalurkan dana bantuan pendidikan dan kesehatan dengan total sebesar Rp 407.24… https://t.co/ahLc9Hy6oE
129,"Sistem tiket Persib Bandung sempat diprotes para suporter. Namun, usai tragedi Kanjuruhan sistem tiket Persib mulai… https://t.co/klxjeqZkBm"
130,Agnez Mo lokal banget di Synchronize Fest 2022. Seperti apa ya penampilannya?  https://t.co/2ukOlW3Bfi
131,Wakil Bupati Indramayu Lucky Hakim siap dipecat dari jabatannya jika terbukti melakukan kesalahan. https://t.co/TqC5JSdQGe
132,"Timnas Indonesia U-17 dibantai Malaysia 1-5 di Kualifikasi Piala Asia U-17, sampai gagal lolos putaran final. Kok,… https://t.co/d6CYgngIZ7"
133,Saat ini PSSI masih mencari pelatih Timnas Indonesia U-23 untuk SEA Games 2023. Nama Bima Sakti ikut disebut-sebut.… https://t.co/NhPIjFhPeN
134,"Tawuran tersebut terjadi pada Minggu (9/10), sekitar pukul 01.00 WIB dini hari. https://t.co/UynRL9tbSG"
135,Cuaca ekstrem rawan kerap terjadi pada musim pancaroba. BPBD Kota Kediri mengimbau warga mewaspadai hujan disertai… https://t.co/w1SMNN5Jfz
136,Pemkab Semarang bekerja sama dengan Dinas Ketahanan Pangan Provinsi Jawa Tengah menyelenggarakan bazar sembako di p… https://t.co/Damx15ZzI8
137,"Ternyata ada satu korban selamat dari aksi pembantaian satu keluarga di Way Kanan, Lampung. Ini sosoknya: https://t.co/tBqp9vCZaa"
138,Nirina Zubir rajin berolahraga. Ia ingin tetap sehat hingga tua nanti agar bisa melihat anaknya menikah sampai memi… https://t.co/WWqzKykw3q
139,Overthinking masuk ke dalam kategori gangguan psikologis karena menimbulkan kecemasan pada penderitanya. Apakah kam… https://t.co/4tCOuXLYHr
140,Di hari pertama berbagai penampil tampil dengan aksinya yang luar biasa. Salah satunya Souljah. Mereka berhasil hib… https://t.co/RMtMLg8frr
141,Jajanan cakwe dan kue bantal enak dimakan kapan saja. Keduanya cocok jadi camilan di sore hari untuk teman ngeteh h… https://t.co/g8gzdP9iP9
142,Manga Chainsaw Man berhasil dapat penghargaan terbaik di ajang New York Comic Con selama dua tahun berturut-turut!   https://t.co/h4iNjjwD5H
143,Belasan pelajar di Gunungkidul terjaring razia karena berkeliaran di jam sekolah. Salah seorang di antaranya bahkan… https://t.co/tByn6uO7Mz
144,"Polri mengakui ada temuan gas air mata kedaluwarsa di Tragedi Kanjuruhan. Anggota TGIPF, Rhenald Kasali, menyebut h… https://t.co/4fTkjYAbmx"
145,"Gempa bumi magnitudo 4,6 terjadi di Kabupaten Aceh Singkil, Aceh. Gempa ini tak berpotensi menimbulkan tsunami. Gem… https://t.co/J6kYn0HjLM"
146,Beberapa selebriti Indonesia banyak yang masih doyan jajanan kaki lima meski terkenal. Seperti pasangan Raffi Ahmad… https://t.co/LtNKiwyPkf
147,Penelitian sejarah harus melalui sejumlah tahapan atau langkah-langkah tertentu. Apa saja dan seperti apa contohnya? https://t.co/gOQ9p5egj4
148,Tak kalah enak dari kedai bakmi tradisional legendaris. Ada beberapa tempat makan bakmi kekinian yang jadi incaran… https://t.co/b9DMlh3ItE
149,Sosialisasi politik tentunya sangat penting dalam kehidupan sosial. Kenali pengertian hingga cara kerjanya. https://t.co/aF4wfycs4g
150,"Derai tangis Nani Muldiani tak terhindarkan saat menceritakan sosok Novita Kurnia Putri, anaknya yang tewas diberon… https://t.co/HqKPytpGe5"
151,Penutup got di underpass Jl Raya Sholeh Iskandar (Sholis) Kota Bogor masih rusak dan kembali memakan korban. https://t.co/Xm9txAgEjE
152,"Security Official Arema FC, Suko Sutrisno mengaku tak pernah memerintahkan menutup pintu stadion saat tragedi pecah… https://t.co/W0vX6Bs5XA"
153,"Tamin (70), petani di Desa Sukowidi ditemukan meninggal di sawah. Ia ditemukan anaknya yang curiga tak kunjung pula… https://t.co/aZ5JfTBLJv"
154,"Perkara saklar speaker azan, seorang pria di Kabupaten Jepara tewas dianiaya keponakannya sendiri.

Via… https://t.co/cXfGSrBn7p"
155,"Temuan terbaru, adanya gas air mata kedaluwarsa digunakan polisi di tragedi Kanjuruhan. Hal ini disampaikan Komnas… https://t.co/m1rTxSjo8F"
156,"Tamin (70), petani di Desa Sukowidi ditemukan meninggal di sawah. Ia ditemukan anaknya yang curiga tak kunjung pula… https://t.co/eFobUx0pjh"
157,"Casemiro pada pertandingan dini hari tadi, sempat jadi pesakitan yang bikin gawang MU kebobolan, selanjutnya bikin… https://t.co/t5mNG5cPxE"
158,"Sejumlah polisi di Malang melakukan aksi sujud massal usai menggelar apel pagi di halaman Polresta Malang, Jawa Tim… https://t.co/EbAxUK6jVY"
159,Garuda Indonesia menghadirkan potongan harga tiket pesawat hingga 15% untuk berbagai rute favorit disertai penawara… https://t.co/7705gXtIhS
160,Wali Kota Solo Gibran Rakabuming Raka bicara soal gugatan dugaan ijazah palsu Presiden Joko Widodo (Jokowi). https://t.co/4QSHiEB5iH
161,Ketum Partai Pandai Farhat Abbas melaporkan Denise Chariesta ke Polda Metro Jaya. Buntut penghinaan 'partai bodoh'. https://t.co/bF6lmFffXX
162,Nusyirwan kritik Anies yang bilang penanganan banjir Jakarta lebih cepat surut. PDIP menilai keberhasilan penangana… https://t.co/lXnZ2PvCeE
163,"Irwan mengungkapkan saat diperiksa petugas, salah satu dari keduanya kedapatan membawa busur panah.
Via:… https://t.co/tQzTKsmCHJ"
164,"Sebuah postingan yang menunjukan kelakuan seorang penumpang KRL, viral di media sosial Twitter. Begini faktanya.

V… https://t.co/2mzzENfDpi"
165,"PDIP terus membangun komunikasi dengan parpol lain untuk menjajaki kerja sama 2024. Usai NasDem, Gerindra, PKB dan… https://t.co/SP2oYXuiPo"
166,Sebanyak 720 orang di Klaten yang sudah meninggal terdaftar menjadi penerima BLT BBM. Begini penjelasan Pemkab Klat… https://t.co/My0jhZLe4E
167,Video rombongan pengantin menaiki rakit menembus derasnya sungai viral di media sosial. Peristiwa itu terjadi di Su… https://t.co/ucnMXjF099
168,"""Butuh waktu juga kalau Hasto ingin mendengarkan paparan yang komprehensif tentang pola penanganan banjir di DKI Ja… https://t.co/LjLCTx7RLt"
169,Sekjen PDIP Hasto Kristiyanto menyentil parpol yang mengusung Anies Baswedan sebagai capres Pilpres 2024. Hasto men… https://t.co/S1jFx8Sqe0
170,Uhm Ji Won menjadi musuh utama penonton drama Korea Little Women selama penayangannya. Berikut fakta pemeran Won Sa… https://t.co/5qa0UwJ33w
171,"Kasus positif Corona atau COVID-19 di Indonesia kembali bertambah. Hari ini, terdapat 1.195 kasus positif Corona ba… https://t.co/6JaPKyzd8p"
172,BMKG Juanda mengeluarkan imbauan soal potensi cuaca ekstrem seminggu ke depan di Jawa Timur. BPBD Jatim memetakan 1… https://t.co/7az9WuFzdv
173,Sunan Ampel adalah salah satu Wali Songo yang menyebarkan ajaran Islam di Jepara hingga Tuban. Salah satu strategi… https://t.co/Xbf14VClfc
174,"Indonesia mencatat sebanyak 1.195 kasus baru COVID-19, Senin (10/10/2022). DKI Jakarta menyumbang kasus terbanyak d… https://t.co/5HDY3VKErN"
175,"Yudha menang melawan panitia seleksi CPNS Kemendikbud. Alhasil, PTUN Jakarta mengabulkan gugatan Yudha. https://t.co/xwgiSbhLwJ"
176,"Galian proyek drainase dan trotoar di Jl Kartini, Depok, sempat menimbulkan kemacetan pagi tadi. Pekerjaan tersebut… https://t.co/BmAzYfSuhl"
177,"#Foto Bendung Katulampa di Bogor, sempat berstatus bahaya atau siaga 1 semalam. Hari ini, Bendung Katulampa terpant… https://t.co/Mx8IIzHWmw"
178,"Pengacara Lukas Enembe, Aloysius Renwarin, mengklaim warga Papua meminta pengusutan perkara dilakukan secara adat.… https://t.co/aW6GjA3RO3"
179,Saim mengatakan tidak ada korban jiwa dalam bencana tersebut. Namun beberapa sepeda motor milik warga desa terbawa… https://t.co/OuqLwvJpsD
180,"Perempuan inisial A (49) asal Sukaraja, Kabupaten Bogor, mengaku dipukuli hingga disiram air keras oleh mantan suam… https://t.co/9QpEzv3CUp"
181,Rizky Billar telah menalak satu Lesti Kejora. Talak ini diucapkan Rizky Billar di tengah kemelut emosi. https://t.co/HOzMx60NlI
182,Hendrar Prihadi mengatakan tak ada diskusi terkait Cagub DKI. Dia menyebut diskusi hanya seputar LKPP. https://t.co/dLOYrjnGEH
183,Suharso Monoarfa yang kini menjabat Menteri PPN/Kepala Bappenas sudah tak lagi menjadi ketua umum PPP. Namun Plt Ke… https://t.co/N1bYmx9qtX
184,Penyanyi Rona Ang bicara soal kehidupan asmara. Eks member JKT48 itu ngaku telah punya pacar. Ia idamkan pernikahan… https://t.co/aeUakl4gSn
185,"Gary Neville mengomentari penampilan Liverpool saat dikalahkan Arsenal. Neville menilai Liverpool lesu, jauh dari s… https://t.co/9OvVam35X0"
186,"Ratusan nelayan yang beroperasi di Pelabuhan Perikanan Nusantara (PPN) Prigi, Trenggalek, berhenti melaut. Mereka m… https://t.co/ONkxVVQVKJ"
187,"""Kan kemarin sudah, Gerindra sudah, PKB sudah, Golkar sudah, ke depan kita juga akan komunikasi dengan partai yang… https://t.co/pLXGrqIrtW"
188,Relawan berharap Jokowi segera melakukan perombakan atau reshuffle kabinet agar pemerintah tetap solid hingga gelar… https://t.co/aUnow7uHwJ
189,"Pelaku pembunuhan satu keluarga dalam septic tank di Lampung, Erwinudin ternyata tak membantai semua anggota keluar… https://t.co/x44CcVbfhD"
190,Ketua MPR RI Bambang Soesatyo mengapresiasi gelaran Forbes Indonesia-Mercedes Benz SL (MBSL) Club Indonesia Charity… https://t.co/Av5F8Mdaqk
191,Jumlah korban #TragediKanjuruhan terbaru sampai saat ini masih terus bertambah. Total sebanyak 714 orang terdiri da… https://t.co/bQMMreizOA
192,"Banjir sempat melanda kawasan permukiman warga di Pejaten Timur, Pasar Minggu, Jaksel. Warga mengaku tak menyangka… https://t.co/Awse9AnWlZ"
193,Sakit hati ini! Sebuah supercar McLaren P1 menjadi korban banjir. Mobil seharga miliaran rupiah itu terseret banjir. https://t.co/bjZxy8xk4j
194,"Tersangka kasus mutilasi 4 warga Mimika, Papua, Roy Marthen Howay, menyebut 6 oknum TNI yang terlibat kasus itu mel… https://t.co/03wHsksrsP"
195,"Performa gila Erling Haaland bersama Manchester City terus menuai pujian, ia sukses mementahkan prediksi banyak pen… https://t.co/kDP1UJTQyb"
196,"Seorang wanita 25 tahun, Becca Butcher menceritakan kondisinya yang idap penyakit langka, payudara tumbuh sebelah.… https://t.co/kwarOtVrhc"
197,"Serangan rudal menghantam banyak kota di Ukraina, termasuk ibu kota Kyiv pada Senin (10/10) dan menyebabkan sejumla… https://t.co/YArgOKfO03"
198,#Foto Separator atau median jalan di Jalan Margonda mulai dibongkar. Hal ini jadi bagian penataan pedestrian di Jal… https://t.co/xIFDY27Wkw
199,"Sejak kenaikan harga menjadi Rp 10.000 per liter, BBM jenis Pertalite terus dituding boros. Tapi, mungkin ini yang… https://t.co/OVo2LNrazq"
