;Unnamed: 0;tanggal_tweet;pengguna;isi_tweet;sentimen;step01;tokens;final_tokens;step02;ProcessedText
0;0;2022-10-30 14:27:03+00:00;sayahanyazakie;RT @maman1965: Orang kota juga tingkahnya lucu kalau ke desa naik kerbau, tanam padi dan panjat pohon. Rela2in bayar ratusan ribu per orangâ€¦;0;rt user orang kota juga tingkahnya lucu kalau ke desa naik kerbau tanam padi dan panjat pohon rela2in bayar ratusan ribu per orang;['rt', 'user', 'orang', 'kota', 'juga', 'tingkahnya', 'lucu', 'kalau', 'ke', 'desa', 'naik', 'kerbau', 'tanam', 'padi', 'dan', 'panjat', 'pohon', 'rela2in', 'bayar', 'ratusan', 'ribu', 'per', 'orang'];['rt', 'user', 'orang', 'kota', 'juga', 'tingkahnya', 'lucu', 'kalau', 'ke', 'desa', 'naik', 'kerbau', 'tanam', 'padi', 'dan', 'panjat', 'pohon', 'rela2in', 'bayar', 'ratusan', 'ribu', 'per', 'orang'];rt user orang kota juga tingkahnya lucu kalau ke desa naik kerbau tanam padi dan panjat pohon rela2in bayar ratusan ribu per orang;rt user orang kota tingkah lucu kalau desa naik kerbau tanam padi panjat pohon rela2in bayar ratus ribu per orang
1;1;2022-10-30 14:27:02+00:00;Shopeeracunku1;@Omnoto2 @ZoelHelmiLubis1 @detikcom Emang lu kenal?;0;user user user emang lu kenal;['user', 'user', 'user', 'emang', 'lu', 'kenal'];['user', 'user', 'user', 'emang', 'lu', 'kenal'];user user user emang lu kenal;user user user emang lu kenal
2;2;2022-10-30 14:26:57+00:00;Irwan7189185522;@detikcom Ada nggak di Alqur'an dan Hadist?.Jika ada,knp harus tersinggung?.Seharusnya kita berbenah diri,krn yg meâ€¦ https://t.co/C8bygCqPxg;0;user ada nggak di alqur an dan hadist jika ada knp harus tersinggung seharusnya kita berbenah diri krn yg me coc8bygcqpxg;['user', 'ada', 'nggak', 'di', 'alqur', 'an', 'dan', 'hadist', 'jika', 'ada', 'knp', 'harus', 'tersinggung', 'seharusnya', 'kita', 'berbenah', 'diri', 'krn', 'yg', 'me', 'coc8bygcqpxg'];['user', 'ada', 'nggak', 'di', 'alqur', 'an', 'dan', 'hadist', 'jika', 'ada', 'knp', 'harus', 'tersinggung', 'seharusnya', 'kita', 'berbenah', 'diri', 'krn', 'yg', 'me', 'coc8bygcqpxg'];user ada nggak di alqur an dan hadist jika ada knp harus tersinggung seharusnya kita berbenah diri krn yg me coc8bygcqpxg;user nggak alqur an hadist ada knp singgung kita benah diri krn yg me coc8bygcqpxg
3;3;2022-10-30 14:26:53+00:00;maudhyputri;@detikcom Norak bgt sih;0;user norak bgt sih;['user', 'norak', 'bgt', 'sih'];['user', 'norak', 'bgt', 'sih'];user norak bgt sih;user norak bgt sih
4;4;2022-10-30 14:26:50+00:00;sonofmomyndady;RT @AgusMagelangan: Ga tau aja tingkah orang-orang metropolitan yang mau bayar 300 ribu buat naik kebo dan nanam bibit padi dan bayar 250 râ€¦;0;rt user ga tau aja tingkah orang orang metropolitan yang mau bayar number ribu buat naik kebo dan nanam bibit padi dan bayar number;['rt', 'user', 'ga', 'tau', 'aja', 'tingkah', 'orang', 'orang', 'metropolitan', 'yang', 'mau', 'bayar', 'number', 'ribu', 'buat', 'naik', 'kebo', 'dan', 'nanam', 'bibit', 'padi', 'dan', 'bayar', 'number'];['rt', 'user', 'ga', 'tau', 'aja', 'tingkah', 'orang', 'orang', 'metropolitan', 'yang', 'mau', 'bayar', 'number', 'ribu', 'buat', 'naik', 'kebo', 'dan', 'nanam', 'bibit', 'padi', 'dan', 'bayar', 'number'];rt user ga tau aja tingkah orang orang metropolitan yang mau bayar number ribu buat naik kebo dan nanam bibit padi dan bayar number;rt user ga tau aja tingkah orang orang metropolitan mau bayar number ribu buat naik kebo nanam bibit padi bayar number
5;5;2022-10-30 14:26:49+00:00;adore_bil;RT @heyylennon: Warga Jakarta heboh saat melihat sawah dan pisang goreng di kopi klotok kaliurang. Mereka menyebutnya healing.;0;rt user warga jakarta heboh saat melihat sawah dan pisang goreng di kopi klotok kaliurang mereka menyebutnya healing;['rt', 'user', 'warga', 'jakarta', 'heboh', 'saat', 'melihat', 'sawah', 'dan', 'pisang', 'goreng', 'di', 'kopi', 'klotok', 'kaliurang', 'mereka', 'menyebutnya', 'healing'];['rt', 'user', 'warga', 'jakarta', 'heboh', 'saat', 'melihat', 'sawah', 'dan', 'pisang', 'goreng', 'di', 'kopi', 'klotok', 'kaliurang', 'mereka', 'menyebutnya', 'healing'];rt user warga jakarta heboh saat melihat sawah dan pisang goreng di kopi klotok kaliurang mereka menyebutnya healing;rt user warga jakarta heboh lihat sawah pisang goreng kopi klotok kaliurang sebut healing
6;6;2022-10-30 14:26:48+00:00;andradhandra;RT @AgusMagelangan: Ga tau aja tingkah orang-orang metropolitan yang mau bayar 300 ribu buat naik kebo dan nanam bibit padi dan bayar 250 râ€¦;0;rt user ga tau aja tingkah orang orang metropolitan yang mau bayar number ribu buat naik kebo dan nanam bibit padi dan bayar number;['rt', 'user', 'ga', 'tau', 'aja', 'tingkah', 'orang', 'orang', 'metropolitan', 'yang', 'mau', 'bayar', 'number', 'ribu', 'buat', 'naik', 'kebo', 'dan', 'nanam', 'bibit', 'padi', 'dan', 'bayar', 'number'];['rt', 'user', 'ga', 'tau', 'aja', 'tingkah', 'orang', 'orang', 'metropolitan', 'yang', 'mau', 'bayar', 'number', 'ribu', 'buat', 'naik', 'kebo', 'dan', 'nanam', 'bibit', 'padi', 'dan', 'bayar', 'number'];rt user ga tau aja tingkah orang orang metropolitan yang mau bayar number ribu buat naik kebo dan nanam bibit padi dan bayar number;rt user ga tau aja tingkah orang orang metropolitan mau bayar number ribu buat naik kebo nanam bibit padi bayar number
7;7;2022-10-30 14:26:36+00:00;excelicio;RT @AgusMagelangan: Ga tau aja tingkah orang-orang metropolitan yang mau bayar 300 ribu buat naik kebo dan nanam bibit padi dan bayar 250 râ€¦;0;rt user ga tau aja tingkah orang orang metropolitan yang mau bayar number ribu buat naik kebo dan nanam bibit padi dan bayar number;['rt', 'user', 'ga', 'tau', 'aja', 'tingkah', 'orang', 'orang', 'metropolitan', 'yang', 'mau', 'bayar', 'number', 'ribu', 'buat', 'naik', 'kebo', 'dan', 'nanam', 'bibit', 'padi', 'dan', 'bayar', 'number'];['rt', 'user', 'ga', 'tau', 'aja', 'tingkah', 'orang', 'orang', 'metropolitan', 'yang', 'mau', 'bayar', 'number', 'ribu', 'buat', 'naik', 'kebo', 'dan', 'nanam', 'bibit', 'padi', 'dan', 'bayar', 'number'];rt user ga tau aja tingkah orang orang metropolitan yang mau bayar number ribu buat naik kebo dan nanam bibit padi dan bayar number;rt user ga tau aja tingkah orang orang metropolitan mau bayar number ribu buat naik kebo nanam bibit padi bayar number
8;8;2022-10-30 14:26:22+00:00;yugyeomoi;Hadeh Gusti https://t.co/hInQNvFfOB;0;hadeh gusti cohinqnvffob;['hadeh', 'gusti', 'cohinqnvffob'];['hadeh', 'gusti', 'cohinqnvffob'];hadeh gusti cohinqnvffob;hadeh gusti cohinqnvffob
9;9;2022-10-30 14:26:21+00:00;masedoo;gua udah bilang, bisnis fnb disini kejem2 ke anak buah https://t.co/fYQ1Im1zdm;0;gua udah bilang bisnis fnb disini kejem2 ke anak buah cofyq1im1zdm;['gua', 'udah', 'bilang', 'bisnis', 'fnb', 'disini', 'kejem2', 'ke', 'anak', 'buah', 'cofyq1im1zdm'];['gua', 'udah', 'bilang', 'bisnis', 'fnb', 'disini', 'kejem2', 'ke', 'anak', 'buah', 'cofyq1im1zdm'];gua udah bilang bisnis fnb disini kejem2 ke anak buah cofyq1im1zdm;gua udah bilang bisnis fnb sini kejem2 anak buah cofyq1im1zdm
10;10;2022-10-30 14:26:16+00:00;richathina;RT @maman1965: Orang kota juga tingkahnya lucu kalau ke desa naik kerbau, tanam padi dan panjat pohon. Rela2in bayar ratusan ribu per orangâ€¦;0;rt user orang kota juga tingkahnya lucu kalau ke desa naik kerbau tanam padi dan panjat pohon rela2in bayar ratusan ribu per orang;['rt', 'user', 'orang', 'kota', 'juga', 'tingkahnya', 'lucu', 'kalau', 'ke', 'desa', 'naik', 'kerbau', 'tanam', 'padi', 'dan', 'panjat', 'pohon', 'rela2in', 'bayar', 'ratusan', 'ribu', 'per', 'orang'];['rt', 'user', 'orang', 'kota', 'juga', 'tingkahnya', 'lucu', 'kalau', 'ke', 'desa', 'naik', 'kerbau', 'tanam', 'padi', 'dan', 'panjat', 'pohon', 'rela2in', 'bayar', 'ratusan', 'ribu', 'per', 'orang'];rt user orang kota juga tingkahnya lucu kalau ke desa naik kerbau tanam padi dan panjat pohon rela2in bayar ratusan ribu per orang;rt user orang kota tingkah lucu kalau desa naik kerbau tanam padi panjat pohon rela2in bayar ratus ribu per orang
11;11;2022-10-30 14:26:12+00:00;Anonimqone;@FishmanSoudashu @wijdanr @detikcom @detik_jatim Saya bukan bilang bwi ada mall nya atau gak, sejak tahun 98 saya tâ€¦ https://t.co/DlpcogCYta;0;user user user user saya bukan bilang bwi ada mall nya atau gak sejak tahun number saya codlpcogcyta;['user', 'user', 'user', 'user', 'saya', 'bukan', 'bilang', 'bwi', 'ada', 'mall', 'nya', 'atau', 'gak', 'sejak', 'tahun', 'number', 'saya', 'codlpcogcyta'];['user', 'user', 'user', 'user', 'saya', 'bukan', 'bilang', 'bwi', 'ada', 'mall', 'nya', 'atau', 'gak', 'sejak', 'tahun', 'number', 'saya', 'codlpcogcyta'];user user user user saya bukan bilang bwi ada mall nya atau gak sejak tahun number saya codlpcogcyta;user user user user bukan bilang bwi mall nya gak sejak tahun number codlpcogcyta
12;12;2022-10-30 14:26:09+00:00;irez_pass10ne;@Anonimqone @wijdanr @detikcom @detik_jatim Baru beberapa tahun belakangan?;0;user user user user baru beberapa tahun belakangan;['user', 'user', 'user', 'user', 'baru', 'beberapa', 'tahun', 'belakangan'];['user', 'user', 'user', 'user', 'baru', 'beberapa', 'tahun', 'belakangan'];user user user user baru beberapa tahun belakangan;user user user user baru beberapa tahun belakang
13;13;2022-10-30 14:26:06+00:00;rkstmfrl;RT @AgusMagelangan: Ga tau aja tingkah orang-orang metropolitan yang mau bayar 300 ribu buat naik kebo dan nanam bibit padi dan bayar 250 râ€¦;0;rt user ga tau aja tingkah orang orang metropolitan yang mau bayar number ribu buat naik kebo dan nanam bibit padi dan bayar number;['rt', 'user', 'ga', 'tau', 'aja', 'tingkah', 'orang', 'orang', 'metropolitan', 'yang', 'mau', 'bayar', 'number', 'ribu', 'buat', 'naik', 'kebo', 'dan', 'nanam', 'bibit', 'padi', 'dan', 'bayar', 'number'];['rt', 'user', 'ga', 'tau', 'aja', 'tingkah', 'orang', 'orang', 'metropolitan', 'yang', 'mau', 'bayar', 'number', 'ribu', 'buat', 'naik', 'kebo', 'dan', 'nanam', 'bibit', 'padi', 'dan', 'bayar', 'number'];rt user ga tau aja tingkah orang orang metropolitan yang mau bayar number ribu buat naik kebo dan nanam bibit padi dan bayar number;rt user ga tau aja tingkah orang orang metropolitan mau bayar number ribu buat naik kebo nanam bibit padi bayar number
14;14;2022-10-30 14:25:59+00:00;thasia_AA;RT @heyylennon: Warga Jakarta heboh saat melihat sawah dan pisang goreng di kopi klotok kaliurang. Mereka menyebutnya healing.;0;rt user warga jakarta heboh saat melihat sawah dan pisang goreng di kopi klotok kaliurang mereka menyebutnya healing;['rt', 'user', 'warga', 'jakarta', 'heboh', 'saat', 'melihat', 'sawah', 'dan', 'pisang', 'goreng', 'di', 'kopi', 'klotok', 'kaliurang', 'mereka', 'menyebutnya', 'healing'];['rt', 'user', 'warga', 'jakarta', 'heboh', 'saat', 'melihat', 'sawah', 'dan', 'pisang', 'goreng', 'di', 'kopi', 'klotok', 'kaliurang', 'mereka', 'menyebutnya', 'healing'];rt user warga jakarta heboh saat melihat sawah dan pisang goreng di kopi klotok kaliurang mereka menyebutnya healing;rt user warga jakarta heboh lihat sawah pisang goreng kopi klotok kaliurang sebut healing
15;15;2022-10-30 14:25:35+00:00;SalomonID;"RT @lantip: sementara di sini, yg mestinya bertanggungjawab malah fun football. 

para petinggi kita memang belum genap belajar adab :|";1;rt user sementara di sini yg mestinya bertanggungjawab malah fun football para petinggi kita memang belum genap belajar adab sad;['rt', 'user', 'sementara', 'di', 'sini', 'yg', 'mestinya', 'bertanggungjawab', 'malah', 'fun', 'football', 'para', 'petinggi', 'kita', 'memang', 'belum', 'genap', 'belajar', 'adab', 'sad'];['rt', 'user', 'sementara', 'di', 'sini', 'yg', 'mestinya', 'bertanggungjawab', 'malah', 'fun', 'football', 'para', 'petinggi', 'kita', 'memang', 'belum', 'genap', 'belajar', 'adab', 'sad'];rt user sementara di sini yg mestinya bertanggungjawab malah fun football para petinggi kita memang belum genap belajar adab sad;rt user di sini yg mesti bertanggungjawab malah fun football petinggi memang genap ajar adab sad
16;16;2022-10-30 14:25:28+00:00;gilangjalu;bikinnya cm 1-2 bulan kali ya https://t.co/jF8PGltArv;0;bikinnya cm number number bulan kali ya cojf8pgltarv;['bikinnya', 'cm', 'number', 'number', 'bulan', 'kali', 'ya', 'cojf8pgltarv'];['bikinnya', 'cm', 'number', 'number', 'bulan', 'kali', 'ya', 'cojf8pgltarv'];bikinnya cm number number bulan kali ya cojf8pgltarv;bikin cm number number bulan kali cojf8pgltarv
17;17;2022-10-30 14:25:28+00:00;Pisces123141;@gforgea @marufins @inifiki @jenikuhibiniu @detikcom @DivHumas_Polri Iyaa apalgi jugaa yg berkeliaran gk cma yg ikuâ€¦ https://t.co/k8CrS21aLS;0;user user user user user user iyaa apalgi jugaa yg berkeliaran gk cma yg iku cok8crs21als;['user', 'user', 'user', 'user', 'user', 'user', 'iyaa', 'apalgi', 'jugaa', 'yg', 'berkeliaran', 'gk', 'cma', 'yg', 'iku', 'cok8crs21als'];['user', 'user', 'user', 'user', 'user', 'user', 'iyaa', 'apalgi', 'jugaa', 'yg', 'berkeliaran', 'gk', 'cma', 'yg', 'iku', 'cok8crs21als'];user user user user user user iyaa apalgi jugaa yg berkeliaran gk cma yg iku cok8crs21als;user user user user user user iyaa apalgi jugaa yg liar gk cma yg iku cok8crs21als
18;18;2022-10-30 14:25:11+00:00;irez_pass10ne;@Pratama_Gaa @Anonimqone @detikcom @detik_jatim Dan rataÂ² pendatang ğŸ˜;0;user user user user dan rata pendatang;['user', 'user', 'user', 'user', 'dan', 'rata', 'pendatang'];['user', 'user', 'user', 'user', 'dan', 'rata', 'pendatang'];user user user user dan rata pendatang;user user user user rata datang
19;19;2022-10-30 14:25:11+00:00;detikcom;Tessa Mariska dikabarkan menggelar tumpengan usai Nikita Mirzani ditahan di Rutan Kelas IIB Serang. Lantas apa kataâ€¦ https://t.co/yXZyanugfv;0;tessa mariska dikabarkan menggelar tumpengan usai nikita mirzani ditahan di rutan kelas iib serang lantas apa kata coyxzyanugfv;['tessa', 'mariska', 'dikabarkan', 'menggelar', 'tumpengan', 'usai', 'nikita', 'mirzani', 'ditahan', 'di', 'rutan', 'kelas', 'iib', 'serang', 'lantas', 'apa', 'kata', 'coyxzyanugfv'];['tessa', 'mariska', 'dikabarkan', 'menggelar', 'tumpengan', 'usai', 'nikita', 'mirzani', 'ditahan', 'di', 'rutan', 'kelas', 'iib', 'serang', 'lantas', 'apa', 'kata', 'coyxzyanugfv'];tessa mariska dikabarkan menggelar tumpengan usai nikita mirzani ditahan di rutan kelas iib serang lantas apa kata coyxzyanugfv;tessa mariska kabar gelar tumpeng usai nikita mirzani tahan rutan kelas iib serang lantas apa kata coyxzyanugfv
20;20;2022-10-30 14:25:08+00:00;faizalaziz;RT @AgusMagelangan: Ga tau aja tingkah orang-orang metropolitan yang mau bayar 300 ribu buat naik kebo dan nanam bibit padi dan bayar 250 râ€¦;0;rt user ga tau aja tingkah orang orang metropolitan yang mau bayar number ribu buat naik kebo dan nanam bibit padi dan bayar number;['rt', 'user', 'ga', 'tau', 'aja', 'tingkah', 'orang', 'orang', 'metropolitan', 'yang', 'mau', 'bayar', 'number', 'ribu', 'buat', 'naik', 'kebo', 'dan', 'nanam', 'bibit', 'padi', 'dan', 'bayar', 'number'];['rt', 'user', 'ga', 'tau', 'aja', 'tingkah', 'orang', 'orang', 'metropolitan', 'yang', 'mau', 'bayar', 'number', 'ribu', 'buat', 'naik', 'kebo', 'dan', 'nanam', 'bibit', 'padi', 'dan', 'bayar', 'number'];rt user ga tau aja tingkah orang orang metropolitan yang mau bayar number ribu buat naik kebo dan nanam bibit padi dan bayar number;rt user ga tau aja tingkah orang orang metropolitan mau bayar number ribu buat naik kebo nanam bibit padi bayar number
21;21;2022-10-30 14:25:06+00:00;detikcom;Seorang narapidana di Lembaga Pemasyarakatan Klas 2A Kediri tewas dikeroyok sesama napi. Polisi pun menetapkan 3 naâ€¦ https://t.co/62ryXjJHkr;0;seorang narapidana di lembaga pemasyarakatan klas 2 kediri tewas dikeroyok sesama napi polisi pun menetapkan number na co62ryxjjhkr;['seorang', 'narapidana', 'di', 'lembaga', 'pemasyarakatan', 'klas', '2', 'kediri', 'tewas', 'dikeroyok', 'sesama', 'napi', 'polisi', 'pun', 'menetapkan', 'number', 'na', 'co62ryxjjhkr'];['seorang', 'narapidana', 'di', 'lembaga', 'pemasyarakatan', 'klas', '2', 'kediri', 'tewas', 'dikeroyok', 'sesama', 'napi', 'polisi', 'pun', 'menetapkan', 'number', 'na', 'co62ryxjjhkr'];seorang narapidana di lembaga pemasyarakatan klas 2 kediri tewas dikeroyok sesama napi polisi pun menetapkan number na co62ryxjjhkr;orang narapidana lembaga masyarakat klas 2 diri tewas keroyok sama napi polisi tetap number na co62ryxjjhkr
22;22;2022-10-30 14:24:57+00:00;v14nzone;RT @detikcom: Menteri Keuangan Sri Mulyani mengungkap tak kurang dari Rp180 T anggaran dialokasikan untuk pendidikan. Hal itu dilakukan sebâ€¦;0;rt user menteri keuangan sri mulyani mengungkap tak kurang dari rp180 anggaran dialokasikan untuk pendidikan hal itu dilakukan seb;['rt', 'user', 'menteri', 'keuangan', 'sri', 'mulyani', 'mengungkap', 'tak', 'kurang', 'dari', 'rp180', 'anggaran', 'dialokasikan', 'untuk', 'pendidikan', 'hal', 'itu', 'dilakukan', 'seb'];['rt', 'user', 'menteri', 'keuangan', 'sri', 'mulyani', 'mengungkap', 'tak', 'kurang', 'dari', 'rp180', 'anggaran', 'dialokasikan', 'untuk', 'pendidikan', 'hal', 'itu', 'dilakukan', 'seb'];rt user menteri keuangan sri mulyani mengungkap tak kurang dari rp180 anggaran dialokasikan untuk pendidikan hal itu dilakukan seb;rt user menteri uang sri mulyani ungkap tak kurang rp180 anggar alokasi didik itu laku seb
23;23;2022-10-30 14:24:53+00:00;kawaina_neko;"@AOzhawa @detikcom Masalahnya org2 yg pinter itu ga komen kyk km lah Om
Mreka sibuk dgn dunia belajar &amp; invest nyaâ€¦ https://t.co/sdJpVLJ4L1";0;user user masalahnya org2 yg pinter itu ga komen kyk km lah om mreka sibuk dgn dunia belajar invest nya cosdjpvlj4l1;['user', 'user', 'masalahnya', 'org2', 'yg', 'pinter', 'itu', 'ga', 'komen', 'kyk', 'km', 'lah', 'om', 'mreka', 'sibuk', 'dgn', 'dunia', 'belajar', 'invest', 'nya', 'cosdjpvlj4l1'];['user', 'user', 'masalahnya', 'org2', 'yg', 'pinter', 'itu', 'ga', 'komen', 'kyk', 'km', 'lah', 'om', 'mreka', 'sibuk', 'dgn', 'dunia', 'belajar', 'invest', 'nya', 'cosdjpvlj4l1'];user user masalahnya org2 yg pinter itu ga komen kyk km lah om mreka sibuk dgn dunia belajar invest nya cosdjpvlj4l1;user user masalah org2 yg pinter ga komen kyk km lah om mreka sibuk dgn dunia ajar invest nya cosdjpvlj4l1
24;24;2022-10-30 14:24:51+00:00;jpsatrio;RT @AgusMagelangan: Ga tau aja tingkah orang-orang metropolitan yang mau bayar 300 ribu buat naik kebo dan nanam bibit padi dan bayar 250 râ€¦;0;rt user ga tau aja tingkah orang orang metropolitan yang mau bayar number ribu buat naik kebo dan nanam bibit padi dan bayar number;['rt', 'user', 'ga', 'tau', 'aja', 'tingkah', 'orang', 'orang', 'metropolitan', 'yang', 'mau', 'bayar', 'number', 'ribu', 'buat', 'naik', 'kebo', 'dan', 'nanam', 'bibit', 'padi', 'dan', 'bayar', 'number'];['rt', 'user', 'ga', 'tau', 'aja', 'tingkah', 'orang', 'orang', 'metropolitan', 'yang', 'mau', 'bayar', 'number', 'ribu', 'buat', 'naik', 'kebo', 'dan', 'nanam', 'bibit', 'padi', 'dan', 'bayar', 'number'];rt user ga tau aja tingkah orang orang metropolitan yang mau bayar number ribu buat naik kebo dan nanam bibit padi dan bayar number;rt user ga tau aja tingkah orang orang metropolitan mau bayar number ribu buat naik kebo nanam bibit padi bayar number
25;25;2022-10-30 14:24:43+00:00;enigmatic_404;RT @heyylennon: Warga Jakarta heboh saat melihat sawah dan pisang goreng di kopi klotok kaliurang. Mereka menyebutnya healing.;0;rt user warga jakarta heboh saat melihat sawah dan pisang goreng di kopi klotok kaliurang mereka menyebutnya healing;['rt', 'user', 'warga', 'jakarta', 'heboh', 'saat', 'melihat', 'sawah', 'dan', 'pisang', 'goreng', 'di', 'kopi', 'klotok', 'kaliurang', 'mereka', 'menyebutnya', 'healing'];['rt', 'user', 'warga', 'jakarta', 'heboh', 'saat', 'melihat', 'sawah', 'dan', 'pisang', 'goreng', 'di', 'kopi', 'klotok', 'kaliurang', 'mereka', 'menyebutnya', 'healing'];rt user warga jakarta heboh saat melihat sawah dan pisang goreng di kopi klotok kaliurang mereka menyebutnya healing;rt user warga jakarta heboh lihat sawah pisang goreng kopi klotok kaliurang sebut healing
26;26;2022-10-30 14:24:43+00:00;SyahdanLobe;"@detikcom Teman teman jika melihat berita tentang gerombolan ini jangan dibaca dan komen. ABAIKAN.

Biar Twitt ini sebagai pengingat.";0;user teman teman jika melihat berita tentang gerombolan ini jangan dibaca dan komen abaikan biar twitt ini sebagai pengingat;['user', 'teman', 'teman', 'jika', 'melihat', 'berita', 'tentang', 'gerombolan', 'ini', 'jangan', 'dibaca', 'dan', 'komen', 'abaikan', 'biar', 'twitt', 'ini', 'sebagai', 'pengingat'];['user', 'teman', 'teman', 'jika', 'melihat', 'berita', 'tentang', 'gerombolan', 'ini', 'jangan', 'dibaca', 'dan', 'komen', 'abaikan', 'biar', 'twitt', 'ini', 'sebagai', 'pengingat'];user teman teman jika melihat berita tentang gerombolan ini jangan dibaca dan komen abaikan biar twitt ini sebagai pengingat;user teman teman lihat berita gerombol jangan baca komen abai biar twitt bagai ingat
27;27;2022-10-30 14:24:28+00:00;septianpriyono;"RT @WidasSatyo: Media perkotaan ini kok kayak ""heran"" dan terkesan ""ngejek"" orang desa yg baru pertamakali ngerasain punya mall. 

Itu lohâ€¦";0;rt user media perkotaan ini kok kayak heran dan terkesan ngejek orang desa yg baru pertamakali ngerasain punya mall itu loh;['rt', 'user', 'media', 'perkotaan', 'ini', 'kok', 'kayak', 'heran', 'dan', 'terkesan', 'ngejek', 'orang', 'desa', 'yg', 'baru', 'pertamakali', 'ngerasain', 'punya', 'mall', 'itu', 'loh'];['rt', 'user', 'media', 'perkotaan', 'ini', 'kok', 'kayak', 'heran', 'dan', 'terkesan', 'ngejek', 'orang', 'desa', 'yg', 'baru', 'pertamakali', 'ngerasain', 'punya', 'mall', 'itu', 'loh'];rt user media perkotaan ini kok kayak heran dan terkesan ngejek orang desa yg baru pertamakali ngerasain punya mall itu loh;rt user media kota kok kayak heran kes ngejek orang desa yg baru pertamakali ngerasain punya mall loh
28;28;2022-10-30 14:24:26+00:00;Anonimqone;@PermenSeratusan @Pratama_Gaa @detikcom @detik_jatim Iya memang mungkin saya kurang riset. Karna saya tinggal nya dâ€¦ https://t.co/wgz29xTwzG;0;user user user user iya memang mungkin saya kurang riset karna saya tinggal nya cowgz29xtwzg;['user', 'user', 'user', 'user', 'iya', 'memang', 'mungkin', 'saya', 'kurang', 'riset', 'karna', 'saya', 'tinggal', 'nya', 'cowgz29xtwzg'];['user', 'user', 'user', 'user', 'iya', 'memang', 'mungkin', 'saya', 'kurang', 'riset', 'karna', 'saya', 'tinggal', 'nya', 'cowgz29xtwzg'];user user user user iya memang mungkin saya kurang riset karna saya tinggal nya cowgz29xtwzg;user user user user iya memang mungkin kurang riset karna tinggal nya cowgz29xtwzg
29;29;2022-10-30 14:24:25+00:00;dickySNU;RT @heyylennon: Warga Jakarta heboh saat melihat sawah dan pisang goreng di kopi klotok kaliurang. Mereka menyebutnya healing.;0;rt user warga jakarta heboh saat melihat sawah dan pisang goreng di kopi klotok kaliurang mereka menyebutnya healing;['rt', 'user', 'warga', 'jakarta', 'heboh', 'saat', 'melihat', 'sawah', 'dan', 'pisang', 'goreng', 'di', 'kopi', 'klotok', 'kaliurang', 'mereka', 'menyebutnya', 'healing'];['rt', 'user', 'warga', 'jakarta', 'heboh', 'saat', 'melihat', 'sawah', 'dan', 'pisang', 'goreng', 'di', 'kopi', 'klotok', 'kaliurang', 'mereka', 'menyebutnya', 'healing'];rt user warga jakarta heboh saat melihat sawah dan pisang goreng di kopi klotok kaliurang mereka menyebutnya healing;rt user warga jakarta heboh lihat sawah pisang goreng kopi klotok kaliurang sebut healing
30;30;2022-10-30 14:24:09+00:00;RezaFahdini;RT @AgusMagelangan: Ga tau aja tingkah orang-orang metropolitan yang mau bayar 300 ribu buat naik kebo dan nanam bibit padi dan bayar 250 râ€¦;0;rt user ga tau aja tingkah orang orang metropolitan yang mau bayar number ribu buat naik kebo dan nanam bibit padi dan bayar number;['rt', 'user', 'ga', 'tau', 'aja', 'tingkah', 'orang', 'orang', 'metropolitan', 'yang', 'mau', 'bayar', 'number', 'ribu', 'buat', 'naik', 'kebo', 'dan', 'nanam', 'bibit', 'padi', 'dan', 'bayar', 'number'];['rt', 'user', 'ga', 'tau', 'aja', 'tingkah', 'orang', 'orang', 'metropolitan', 'yang', 'mau', 'bayar', 'number', 'ribu', 'buat', 'naik', 'kebo', 'dan', 'nanam', 'bibit', 'padi', 'dan', 'bayar', 'number'];rt user ga tau aja tingkah orang orang metropolitan yang mau bayar number ribu buat naik kebo dan nanam bibit padi dan bayar number;rt user ga tau aja tingkah orang orang metropolitan mau bayar number ribu buat naik kebo nanam bibit padi bayar number
31;31;2022-10-30 14:23:47+00:00;detikcom;Satu set peta topografi Mars yang baru-baru ini dirilis memberikan bukti baru keberadaan samudra utara kuno di Planâ€¦ https://t.co/ApQX2y3mGO;0;satu set peta topografi mars yang baru baru ini dirilis memberikan bukti baru keberadaan samudra utara kuno di plan coapqx2y3mgo;['satu', 'set', 'peta', 'topografi', 'mars', 'yang', 'baru', 'baru', 'ini', 'dirilis', 'memberikan', 'bukti', 'baru', 'keberadaan', 'samudra', 'utara', 'kuno', 'di', 'plan', 'coapqx2y3mgo'];['satu', 'set', 'peta', 'topografi', 'mars', 'yang', 'baru', 'baru', 'ini', 'dirilis', 'memberikan', 'bukti', 'baru', 'keberadaan', 'samudra', 'utara', 'kuno', 'di', 'plan', 'coapqx2y3mgo'];satu set peta topografi mars yang baru baru ini dirilis memberikan bukti baru keberadaan samudra utara kuno di plan coapqx2y3mgo;satu set peta topografi mars baru baru rilis beri bukti baru ada samudra utara kuno plan coapqx2y3mgo
32;32;2022-10-30 14:23:33+00:00;pirmansyahpi2t;AkalÂ²an ... https://t.co/FXPUriROsR;0;akalan cofxpurirosr;['akalan', 'cofxpurirosr'];['akalan', 'cofxpurirosr'];akalan cofxpurirosr;akal cofxpurirosr
33;33;2022-10-30 14:23:28+00:00;jpsatrio;RT @heyylennon: Warga Jakarta heboh saat melihat sawah dan pisang goreng di kopi klotok kaliurang. Mereka menyebutnya healing.;0;rt user warga jakarta heboh saat melihat sawah dan pisang goreng di kopi klotok kaliurang mereka menyebutnya healing;['rt', 'user', 'warga', 'jakarta', 'heboh', 'saat', 'melihat', 'sawah', 'dan', 'pisang', 'goreng', 'di', 'kopi', 'klotok', 'kaliurang', 'mereka', 'menyebutnya', 'healing'];['rt', 'user', 'warga', 'jakarta', 'heboh', 'saat', 'melihat', 'sawah', 'dan', 'pisang', 'goreng', 'di', 'kopi', 'klotok', 'kaliurang', 'mereka', 'menyebutnya', 'healing'];rt user warga jakarta heboh saat melihat sawah dan pisang goreng di kopi klotok kaliurang mereka menyebutnya healing;rt user warga jakarta heboh lihat sawah pisang goreng kopi klotok kaliurang sebut healing
34;34;2022-10-30 14:23:24+00:00;fidamira;RT @heyylennon: Warga Jakarta heboh saat melihat sawah dan pisang goreng di kopi klotok kaliurang. Mereka menyebutnya healing.;0;rt user warga jakarta heboh saat melihat sawah dan pisang goreng di kopi klotok kaliurang mereka menyebutnya healing;['rt', 'user', 'warga', 'jakarta', 'heboh', 'saat', 'melihat', 'sawah', 'dan', 'pisang', 'goreng', 'di', 'kopi', 'klotok', 'kaliurang', 'mereka', 'menyebutnya', 'healing'];['rt', 'user', 'warga', 'jakarta', 'heboh', 'saat', 'melihat', 'sawah', 'dan', 'pisang', 'goreng', 'di', 'kopi', 'klotok', 'kaliurang', 'mereka', 'menyebutnya', 'healing'];rt user warga jakarta heboh saat melihat sawah dan pisang goreng di kopi klotok kaliurang mereka menyebutnya healing;rt user warga jakarta heboh lihat sawah pisang goreng kopi klotok kaliurang sebut healing
35;35;2022-10-30 14:23:19+00:00;satoshi_j4v;"@detikcom jenius, biar menggaet kaum2 milenial-genZ...
sekalian kang:
1. 1 bulan gratis 1 seblak
2. naturalisasi arâ€¦ https://t.co/vOqRHSG15G";0;user jenius biar menggaet kaum2 milenial genz sekalian kang number number bulan gratis number seblak number naturalisasi ar covoqrhsg15g;['user', 'jenius', 'biar', 'menggaet', 'kaum2', 'milenial', 'genz', 'sekalian', 'kang', 'number', 'number', 'bulan', 'gratis', 'number', 'seblak', 'number', 'naturalisasi', 'ar', 'covoqrhsg15g'];['user', 'jenius', 'biar', 'menggaet', 'kaum2', 'milenial', 'genz', 'sekalian', 'kang', 'number', 'number', 'bulan', 'gratis', 'number', 'seblak', 'number', 'naturalisasi', 'ar', 'covoqrhsg15g'];user jenius biar menggaet kaum2 milenial genz sekalian kang number number bulan gratis number seblak number naturalisasi ar covoqrhsg15g;user jenius biar gaet kaum2 milenial genz sekali kang number number bulan gratis number seblak number naturalisasi ar covoqrhsg15g
36;36;2022-10-30 14:23:18+00:00;SyahdanLobe;"@detikcom Teman teman jika melihat berita tentang gerombolan ini jangan dibaca dan komen. ABAIKAN.

Biar Twitt ini sebagai pengingat.";0;user teman teman jika melihat berita tentang gerombolan ini jangan dibaca dan komen abaikan biar twitt ini sebagai pengingat;['user', 'teman', 'teman', 'jika', 'melihat', 'berita', 'tentang', 'gerombolan', 'ini', 'jangan', 'dibaca', 'dan', 'komen', 'abaikan', 'biar', 'twitt', 'ini', 'sebagai', 'pengingat'];['user', 'teman', 'teman', 'jika', 'melihat', 'berita', 'tentang', 'gerombolan', 'ini', 'jangan', 'dibaca', 'dan', 'komen', 'abaikan', 'biar', 'twitt', 'ini', 'sebagai', 'pengingat'];user teman teman jika melihat berita tentang gerombolan ini jangan dibaca dan komen abaikan biar twitt ini sebagai pengingat;user teman teman lihat berita gerombol jangan baca komen abai biar twitt bagai ingat
37;37;2022-10-30 14:23:14+00:00;azluail;RT @heyylennon: Warga Jakarta heboh saat melihat sawah dan pisang goreng di kopi klotok kaliurang. Mereka menyebutnya healing.;0;rt user warga jakarta heboh saat melihat sawah dan pisang goreng di kopi klotok kaliurang mereka menyebutnya healing;['rt', 'user', 'warga', 'jakarta', 'heboh', 'saat', 'melihat', 'sawah', 'dan', 'pisang', 'goreng', 'di', 'kopi', 'klotok', 'kaliurang', 'mereka', 'menyebutnya', 'healing'];['rt', 'user', 'warga', 'jakarta', 'heboh', 'saat', 'melihat', 'sawah', 'dan', 'pisang', 'goreng', 'di', 'kopi', 'klotok', 'kaliurang', 'mereka', 'menyebutnya', 'healing'];rt user warga jakarta heboh saat melihat sawah dan pisang goreng di kopi klotok kaliurang mereka menyebutnya healing;rt user warga jakarta heboh lihat sawah pisang goreng kopi klotok kaliurang sebut healing
38;38;2022-10-30 14:23:01+00:00;sandrafirdausia;RT @AgusMagelangan: Ga tau aja tingkah orang-orang metropolitan yang mau bayar 300 ribu buat naik kebo dan nanam bibit padi dan bayar 250 râ€¦;0;rt user ga tau aja tingkah orang orang metropolitan yang mau bayar number ribu buat naik kebo dan nanam bibit padi dan bayar number;['rt', 'user', 'ga', 'tau', 'aja', 'tingkah', 'orang', 'orang', 'metropolitan', 'yang', 'mau', 'bayar', 'number', 'ribu', 'buat', 'naik', 'kebo', 'dan', 'nanam', 'bibit', 'padi', 'dan', 'bayar', 'number'];['rt', 'user', 'ga', 'tau', 'aja', 'tingkah', 'orang', 'orang', 'metropolitan', 'yang', 'mau', 'bayar', 'number', 'ribu', 'buat', 'naik', 'kebo', 'dan', 'nanam', 'bibit', 'padi', 'dan', 'bayar', 'number'];rt user ga tau aja tingkah orang orang metropolitan yang mau bayar number ribu buat naik kebo dan nanam bibit padi dan bayar number;rt user ga tau aja tingkah orang orang metropolitan mau bayar number ribu buat naik kebo nanam bibit padi bayar number
39;39;2022-10-30 14:23:01+00:00;gilangjalu;@ilympn @detikcom walah, mesakake tenan, bansos BBM dinggo alasan cost cutting ğŸ˜‚;-1;user user walah mesakake tenan bansos bbm dinggo alasan cost cutting;['user', 'user', 'walah', 'mesakake', 'tenan', 'bansos', 'bbm', 'dinggo', 'alasan', 'cost', 'cutting'];['user', 'user', 'walah', 'mesakake', 'tenan', 'bansos', 'bbm', 'dinggo', 'alasan', 'cost', 'cutting'];user user walah mesakake tenan bansos bbm dinggo alasan cost cutting;user user walah mesakake tenan bansos bbm dinggo alas cost cutting
40;40;2022-10-30 14:22:43+00:00;Bamdros_;"@detikcom BAGUS Bro ğŸ‘ 

Beli Pizza Sampe 10jt Nyari INDOSAT Buat Warga Binaan Dan Netijen ğŸ¤£ ...GOBLOK";0;user bagus bro beli pizza sampe 1 0 jt nyari indosat buat warga binaan dan netijen goblok;['user', 'bagus', 'bro', 'beli', 'pizza', 'sampe', '1', '0', 'jt', 'nyari', 'indosat', 'buat', 'warga', 'binaan', 'dan', 'netijen', 'goblok'];['user', 'bagus', 'bro', 'beli', 'pizza', 'sampe', '1', '0', 'jt', 'nyari', 'indosat', 'buat', 'warga', 'binaan', 'dan', 'netijen', 'goblok'];user bagus bro beli pizza sampe 1 0 jt nyari indosat buat warga binaan dan netijen goblok;user bagus bro beli pizza sampe 1 0 jt nyari indosat buat warga bina netijen goblok
41;41;2022-10-30 14:22:33+00:00;Anonimqone;@lovaynne @detikcom @detik_jatim Iya kak salam kenal yaa, kakak ws mana? Kalo saya bukan org bws sih kak cuman rumaâ€¦ https://t.co/mN42FKM7sE;0;user user user iya kak salam kenal yaa kakak ws mana kalo saya bukan org bws sih kak cuman ruma comn42fkm7se;['user', 'user', 'user', 'iya', 'kak', 'salam', 'kenal', 'yaa', 'kakak', 'ws', 'mana', 'kalo', 'saya', 'bukan', 'org', 'bws', 'sih', 'kak', 'cuman', 'ruma', 'comn42fkm7se'];['user', 'user', 'user', 'iya', 'kak', 'salam', 'kenal', 'yaa', 'kakak', 'ws', 'mana', 'kalo', 'saya', 'bukan', 'org', 'bws', 'sih', 'kak', 'cuman', 'ruma', 'comn42fkm7se'];user user user iya kak salam kenal yaa kakak ws mana kalo saya bukan org bws sih kak cuman ruma comn42fkm7se;user user user iya kak salam kenal yaa kakak ws mana kalo bukan org bws sih kak cuman ruma comn42fkm7se
42;42;2022-10-30 14:22:29+00:00;jerukbusukkkk;RT @AgusMagelangan: Ga tau aja tingkah orang-orang metropolitan yang mau bayar 300 ribu buat naik kebo dan nanam bibit padi dan bayar 250 râ€¦;0;rt user ga tau aja tingkah orang orang metropolitan yang mau bayar number ribu buat naik kebo dan nanam bibit padi dan bayar number;['rt', 'user', 'ga', 'tau', 'aja', 'tingkah', 'orang', 'orang', 'metropolitan', 'yang', 'mau', 'bayar', 'number', 'ribu', 'buat', 'naik', 'kebo', 'dan', 'nanam', 'bibit', 'padi', 'dan', 'bayar', 'number'];['rt', 'user', 'ga', 'tau', 'aja', 'tingkah', 'orang', 'orang', 'metropolitan', 'yang', 'mau', 'bayar', 'number', 'ribu', 'buat', 'naik', 'kebo', 'dan', 'nanam', 'bibit', 'padi', 'dan', 'bayar', 'number'];rt user ga tau aja tingkah orang orang metropolitan yang mau bayar number ribu buat naik kebo dan nanam bibit padi dan bayar number;rt user ga tau aja tingkah orang orang metropolitan mau bayar number ribu buat naik kebo nanam bibit padi bayar number
43;43;2022-10-30 14:22:17+00:00;FaridArgi;RT @AgusMagelangan: Ga tau aja tingkah orang-orang metropolitan yang mau bayar 300 ribu buat naik kebo dan nanam bibit padi dan bayar 250 râ€¦;0;rt user ga tau aja tingkah orang orang metropolitan yang mau bayar number ribu buat naik kebo dan nanam bibit padi dan bayar number;['rt', 'user', 'ga', 'tau', 'aja', 'tingkah', 'orang', 'orang', 'metropolitan', 'yang', 'mau', 'bayar', 'number', 'ribu', 'buat', 'naik', 'kebo', 'dan', 'nanam', 'bibit', 'padi', 'dan', 'bayar', 'number'];['rt', 'user', 'ga', 'tau', 'aja', 'tingkah', 'orang', 'orang', 'metropolitan', 'yang', 'mau', 'bayar', 'number', 'ribu', 'buat', 'naik', 'kebo', 'dan', 'nanam', 'bibit', 'padi', 'dan', 'bayar', 'number'];rt user ga tau aja tingkah orang orang metropolitan yang mau bayar number ribu buat naik kebo dan nanam bibit padi dan bayar number;rt user ga tau aja tingkah orang orang metropolitan mau bayar number ribu buat naik kebo nanam bibit padi bayar number
44;44;2022-10-30 14:22:12+00:00;detikcom;Polisi menghentikan konser 'Berdendang Bergoyang' di Istora Senayan setelah puluhan orang pingsan. Hal ini terjadiâ€¦ https://t.co/K0zqRK7OA4;0;polisi menghentikan konser berdendang bergoyang di istora senayan setelah puluhan orang pingsan hal ini terjadi cok0zqrk7oa4;['polisi', 'menghentikan', 'konser', 'berdendang', 'bergoyang', 'di', 'istora', 'senayan', 'setelah', 'puluhan', 'orang', 'pingsan', 'hal', 'ini', 'terjadi', 'cok0zqrk7oa4'];['polisi', 'menghentikan', 'konser', 'berdendang', 'bergoyang', 'di', 'istora', 'senayan', 'setelah', 'puluhan', 'orang', 'pingsan', 'hal', 'ini', 'terjadi', 'cok0zqrk7oa4'];polisi menghentikan konser berdendang bergoyang di istora senayan setelah puluhan orang pingsan hal ini terjadi cok0zqrk7oa4;polisi henti konser dendang goyang istora senayan puluh orang pingsan ini jadi cok0zqrk7oa4
45;45;2022-10-30 14:22:08+00:00;chisan0809;@marsudin23 @detikcom dan mati dengan maksiat;0;user user dan mati dengan maksiat;['user', 'user', 'dan', 'mati', 'dengan', 'maksiat'];['user', 'user', 'dan', 'mati', 'dengan', 'maksiat'];user user dan mati dengan maksiat;user user mati maksiat
46;46;2022-10-30 14:21:58+00:00;ferryuntunggg;@centuryJKT48 @nindydwis @detikcom Malu ga bang?;0;user user user malu ga bang;['user', 'user', 'user', 'malu', 'ga', 'bang'];['user', 'user', 'user', 'malu', 'ga', 'bang'];user user user malu ga bang;user user user malu ga bang
47;47;2022-10-30 14:21:45+00:00;lvrslsr;RT @funkybukkyo: @detikcom @detik_jatim Makanya yang dibutuhkan adalah communal space, area umum bersama, bukan mall;0;rt user user user makanya yang dibutuhkan adalah communal space area umum bersama bukan mall;['rt', 'user', 'user', 'user', 'makanya', 'yang', 'dibutuhkan', 'adalah', 'communal', 'space', 'area', 'umum', 'bersama', 'bukan', 'mall'];['rt', 'user', 'user', 'user', 'makanya', 'yang', 'dibutuhkan', 'adalah', 'communal', 'space', 'area', 'umum', 'bersama', 'bukan', 'mall'];rt user user user makanya yang dibutuhkan adalah communal space area umum bersama bukan mall;rt user user user makanya butuh communal space area umum sama bukan mall
48;48;2022-10-30 14:21:41+00:00;redbexn;RT @satuduatiggga: @detikcom @detik_jatim uda miskin kyk binatang lagi, astaghfiruallah;0;rt user user user uda miskin kyk binatang lagi astaghfiruallah;['rt', 'user', 'user', 'user', 'uda', 'miskin', 'kyk', 'binatang', 'lagi', 'astaghfiruallah'];['rt', 'user', 'user', 'user', 'uda', 'miskin', 'kyk', 'binatang', 'lagi', 'astaghfiruallah'];rt user user user uda miskin kyk binatang lagi astaghfiruallah;rt user user user uda miskin kyk binatang astaghfiruallah
49;49;2022-10-30 14:21:41+00:00;piyopikavet;"RT @lantip: sementara di sini, yg mestinya bertanggungjawab malah fun football. 

para petinggi kita memang belum genap belajar adab :|";1;rt user sementara di sini yg mestinya bertanggungjawab malah fun football para petinggi kita memang belum genap belajar adab sad;['rt', 'user', 'sementara', 'di', 'sini', 'yg', 'mestinya', 'bertanggungjawab', 'malah', 'fun', 'football', 'para', 'petinggi', 'kita', 'memang', 'belum', 'genap', 'belajar', 'adab', 'sad'];['rt', 'user', 'sementara', 'di', 'sini', 'yg', 'mestinya', 'bertanggungjawab', 'malah', 'fun', 'football', 'para', 'petinggi', 'kita', 'memang', 'belum', 'genap', 'belajar', 'adab', 'sad'];rt user sementara di sini yg mestinya bertanggungjawab malah fun football para petinggi kita memang belum genap belajar adab sad;rt user di sini yg mesti bertanggungjawab malah fun football petinggi memang genap ajar adab sad
50;50;2022-10-30 14:21:33+00:00;SyahdanLobe;"@detikcom Dan pbNU sering menuduh yang tak ""jalan"" dengan faham radikal. Apa bedanya kamu sama Wahabi?";0;user dan pbnu sering menuduh yang tak jalan dengan faham radikal apa bedanya kamu sama wahabi;['user', 'dan', 'pbnu', 'sering', 'menuduh', 'yang', 'tak', 'jalan', 'dengan', 'faham', 'radikal', 'apa', 'bedanya', 'kamu', 'sama', 'wahabi'];['user', 'dan', 'pbnu', 'sering', 'menuduh', 'yang', 'tak', 'jalan', 'dengan', 'faham', 'radikal', 'apa', 'bedanya', 'kamu', 'sama', 'wahabi'];user dan pbnu sering menuduh yang tak jalan dengan faham radikal apa bedanya kamu sama wahabi;user pbnu sering tuduh tak jalan faham radikal apa beda kamu sama wahabi
51;51;2022-10-30 14:21:32+00:00;Arthamilli2111;@detikcom Eh sya malah masih bingung ini mas mas or mbak mbak serius nanya soale suara ber ubah ubahğŸ˜Š;0;user eh sya malah masih bingung ini mas mas or mbak mbak serius nanya soale suara ber ubah ubah;['user', 'eh', 'sya', 'malah', 'masih', 'bingung', 'ini', 'mas', 'mas', 'or', 'mbak', 'mbak', 'serius', 'nanya', 'soale', 'suara', 'ber', 'ubah', 'ubah'];['user', 'eh', 'sya', 'malah', 'masih', 'bingung', 'ini', 'mas', 'mas', 'or', 'mbak', 'mbak', 'serius', 'nanya', 'soale', 'suara', 'ber', 'ubah', 'ubah'];user eh sya malah masih bingung ini mas mas or mbak mbak serius nanya soale suara ber ubah ubah;user eh sya malah bingung mas mas or mbak mbak serius nanya soale suara ber ubah ubah
52;52;2022-10-30 14:21:29+00:00;PineksoRoyi1;@detikcom Ya Allah...aktor2x jaman dulu bertumbangan sudah...ğŸ˜­ğŸ˜­ğŸ˜­;0;user ya allah aktor2x jaman dulu bertumbangan sudah;['user', 'ya', 'allah', 'aktor2x', 'jaman', 'dulu', 'bertumbangan', 'sudah'];['user', 'ya', 'allah', 'aktor2x', 'jaman', 'dulu', 'bertumbangan', 'sudah'];user ya allah aktor2x jaman dulu bertumbangan sudah;user allah aktor2x jaman dulu tumbang
53;53;2022-10-30 14:21:29+00:00;HasilnyaNol;@detikcom @detik_jatim sini gw ajak loe min liat org kota metik daun teh dipuncak/dibandung, atau mau milih metik sâ€¦ https://t.co/CWJNN3bwIl;0;user user sini gw ajak loe min liat org kota metik daun teh dipuncak dibandung atau mau milih metik cocwjnn3bwil;['user', 'user', 'sini', 'gw', 'ajak', 'loe', 'min', 'liat', 'org', 'kota', 'metik', 'daun', 'teh', 'dipuncak', 'dibandung', 'atau', 'mau', 'milih', 'metik', 'cocwjnn3bwil'];['user', 'user', 'sini', 'gw', 'ajak', 'loe', 'min', 'liat', 'org', 'kota', 'metik', 'daun', 'teh', 'dipuncak', 'dibandung', 'atau', 'mau', 'milih', 'metik', 'cocwjnn3bwil'];user user sini gw ajak loe min liat org kota metik daun teh dipuncak dibandung atau mau milih metik cocwjnn3bwil;user user sini gw ajak loe min liat org kota metik daun teh puncak bandung mau milih metik cocwjnn3bwil
54;54;2022-10-30 14:21:27+00:00;ekamey36;@detikcom Inalilahiwainalilahirojiun.. Semoga amal ibadah nya di terima di sisih allah swt. Aamiin;0;user inalilahiwainalilahirojiun semoga amal ibadah nya di terima di sisih allah swt aamiin;['user', 'inalilahiwainalilahirojiun', 'semoga', 'amal', 'ibadah', 'nya', 'di', 'terima', 'di', 'sisih', 'allah', 'swt', 'aamiin'];['user', 'inalilahiwainalilahirojiun', 'semoga', 'amal', 'ibadah', 'nya', 'di', 'terima', 'di', 'sisih', 'allah', 'swt', 'aamiin'];user inalilahiwainalilahirojiun semoga amal ibadah nya di terima di sisih allah swt aamiin;user inalilahiwainalilahirojiun moga amal ibadah nya terima sisih allah swt aamiin
55;55;2022-10-30 14:21:15+00:00;tyaraga;RT @heyylennon: Warga Jakarta heboh saat melihat sawah dan pisang goreng di kopi klotok kaliurang. Mereka menyebutnya healing.;0;rt user warga jakarta heboh saat melihat sawah dan pisang goreng di kopi klotok kaliurang mereka menyebutnya healing;['rt', 'user', 'warga', 'jakarta', 'heboh', 'saat', 'melihat', 'sawah', 'dan', 'pisang', 'goreng', 'di', 'kopi', 'klotok', 'kaliurang', 'mereka', 'menyebutnya', 'healing'];['rt', 'user', 'warga', 'jakarta', 'heboh', 'saat', 'melihat', 'sawah', 'dan', 'pisang', 'goreng', 'di', 'kopi', 'klotok', 'kaliurang', 'mereka', 'menyebutnya', 'healing'];rt user warga jakarta heboh saat melihat sawah dan pisang goreng di kopi klotok kaliurang mereka menyebutnya healing;rt user warga jakarta heboh lihat sawah pisang goreng kopi klotok kaliurang sebut healing
56;56;2022-10-30 14:21:13+00:00;nnurulamalia;"RT @lantip: sementara di sini, yg mestinya bertanggungjawab malah fun football. 

para petinggi kita memang belum genap belajar adab :|";1;rt user sementara di sini yg mestinya bertanggungjawab malah fun football para petinggi kita memang belum genap belajar adab sad;['rt', 'user', 'sementara', 'di', 'sini', 'yg', 'mestinya', 'bertanggungjawab', 'malah', 'fun', 'football', 'para', 'petinggi', 'kita', 'memang', 'belum', 'genap', 'belajar', 'adab', 'sad'];['rt', 'user', 'sementara', 'di', 'sini', 'yg', 'mestinya', 'bertanggungjawab', 'malah', 'fun', 'football', 'para', 'petinggi', 'kita', 'memang', 'belum', 'genap', 'belajar', 'adab', 'sad'];rt user sementara di sini yg mestinya bertanggungjawab malah fun football para petinggi kita memang belum genap belajar adab sad;rt user di sini yg mesti bertanggungjawab malah fun football petinggi memang genap ajar adab sad
57;57;2022-10-30 14:20:58+00:00;detikcom;Kenikmatan seseorang dalam bercinta sering dikonotasikan pada orgasme. Jika kesulitan mendapatkannya, cobalah cara-â€¦ https://t.co/PSHGePTNje;0;kenikmatan seseorang dalam bercinta sering dikonotasikan pada orgasme jika kesulitan mendapatkannya cobalah cara copshgeptnje;['kenikmatan', 'seseorang', 'dalam', 'bercinta', 'sering', 'dikonotasikan', 'pada', 'orgasme', 'jika', 'kesulitan', 'mendapatkannya', 'cobalah', 'cara', 'copshgeptnje'];['kenikmatan', 'seseorang', 'dalam', 'bercinta', 'sering', 'dikonotasikan', 'pada', 'orgasme', 'jika', 'kesulitan', 'mendapatkannya', 'cobalah', 'cara', 'copshgeptnje'];kenikmatan seseorang dalam bercinta sering dikonotasikan pada orgasme jika kesulitan mendapatkannya cobalah cara copshgeptnje;nikmat orang cinta sering konotasi orgasme sulit dapat coba cara copshgeptnje
58;58;2022-10-30 14:20:57+00:00;detikcom;Seorang balita di Probolinggo meninggal usai diserang kawanan tawon di dekat rumahnya padahal ia tidak turut mengusâ€¦ https://t.co/rUmeo9L74a;0;seorang balita di probolinggo meninggal usai diserang kawanan tawon di dekat rumahnya padahal ia tidak turut mengus corumeo9l74a;['seorang', 'balita', 'di', 'probolinggo', 'meninggal', 'usai', 'diserang', 'kawanan', 'tawon', 'di', 'dekat', 'rumahnya', 'padahal', 'ia', 'tidak', 'turut', 'mengus', 'corumeo9l74a'];['seorang', 'balita', 'di', 'probolinggo', 'meninggal', 'usai', 'diserang', 'kawanan', 'tawon', 'di', 'dekat', 'rumahnya', 'padahal', 'ia', 'tidak', 'turut', 'mengus', 'corumeo9l74a'];seorang balita di probolinggo meninggal usai diserang kawanan tawon di dekat rumahnya padahal ia tidak turut mengus corumeo9l74a;orang balita probolinggo tinggal usai serang kawan tawon dekat rumah padahal tidak turut kus corumeo9l74a
59;59;2022-10-30 14:20:44+00:00;donna_francy;@detikcom Siapa dito mahendra ini?serius nanya.maap ga tau..;0;user siapa dito mahendra ini serius nanya maap ga tau;['user', 'siapa', 'dito', 'mahendra', 'ini', 'serius', 'nanya', 'maap', 'ga', 'tau'];['user', 'siapa', 'dito', 'mahendra', 'ini', 'serius', 'nanya', 'maap', 'ga', 'tau'];user siapa dito mahendra ini serius nanya maap ga tau;user siapa dito mahendra serius nanya maap ga tau
60;60;2022-10-30 14:20:44+00:00;nnurulamalia;RT @detikcom: Malam Halloween di Itaewon, Seoul, Korea Selatan, berubah jadi mencekam saat ratusan orang tewas dalam kerumunan pesta. Presiâ€¦;0;rt user malam halloween di itaewon seoul korea selatan berubah jadi mencekam saat ratusan orang tewas dalam kerumunan pesta presi;['rt', 'user', 'malam', 'halloween', 'di', 'itaewon', 'seoul', 'korea', 'selatan', 'berubah', 'jadi', 'mencekam', 'saat', 'ratusan', 'orang', 'tewas', 'dalam', 'kerumunan', 'pesta', 'presi'];['rt', 'user', 'malam', 'halloween', 'di', 'itaewon', 'seoul', 'korea', 'selatan', 'berubah', 'jadi', 'mencekam', 'saat', 'ratusan', 'orang', 'tewas', 'dalam', 'kerumunan', 'pesta', 'presi'];rt user malam halloween di itaewon seoul korea selatan berubah jadi mencekam saat ratusan orang tewas dalam kerumunan pesta presi;rt user malam halloween itaewon seoul korea selatan ubah jadi cekam ratus orang tewas kerumun pesta pres
61;61;2022-10-30 14:20:43+00:00;liasalisa;makanya pake googlemap biar nggak nyasar https://t.co/AKbvPiVkSV;0;makanya pake googlemap biar nggak nyasar coakbvpivksv;['makanya', 'pake', 'googlemap', 'biar', 'nggak', 'nyasar', 'coakbvpivksv'];['makanya', 'pake', 'googlemap', 'biar', 'nggak', 'nyasar', 'coakbvpivksv'];makanya pake googlemap biar nggak nyasar coakbvpivksv;makanya pake googlemap biar nyasar coakbvpivksv
62;62;2022-10-30 14:20:32+00:00;NgambisShitpost;RT @sasaran_empuk: @detikcom @detik_jatim Nah gini dong gak usah pake initial, segala tukang ngentot paksa jangan pake initial kalau perluâ€¦;0;rt user user user nah gini dong gak usah pake initial segala tukang ngentot paksa jangan pake initial kalau perlu;['rt', 'user', 'user', 'user', 'nah', 'gini', 'dong', 'gak', 'usah', 'pake', 'initial', 'segala', 'tukang', 'ngentot', 'paksa', 'jangan', 'pake', 'initial', 'kalau', 'perlu'];['rt', 'user', 'user', 'user', 'nah', 'gini', 'dong', 'gak', 'usah', 'pake', 'initial', 'segala', 'tukang', 'ngentot', 'paksa', 'jangan', 'pake', 'initial', 'kalau', 'perlu'];rt user user user nah gini dong gak usah pake initial segala tukang ngentot paksa jangan pake initial kalau perlu;rt user user user nah gin dong gak usah pake initial segala tukang ngentot paksa jangan pake initial kalau perlu
63;63;2022-10-30 14:20:31+00:00;nugrohorofil86;RT @maman1965: Orang kota juga tingkahnya lucu kalau ke desa naik kerbau, tanam padi dan panjat pohon. Rela2in bayar ratusan ribu per orangâ€¦;0;rt user orang kota juga tingkahnya lucu kalau ke desa naik kerbau tanam padi dan panjat pohon rela2in bayar ratusan ribu per orang;['rt', 'user', 'orang', 'kota', 'juga', 'tingkahnya', 'lucu', 'kalau', 'ke', 'desa', 'naik', 'kerbau', 'tanam', 'padi', 'dan', 'panjat', 'pohon', 'rela2in', 'bayar', 'ratusan', 'ribu', 'per', 'orang'];['rt', 'user', 'orang', 'kota', 'juga', 'tingkahnya', 'lucu', 'kalau', 'ke', 'desa', 'naik', 'kerbau', 'tanam', 'padi', 'dan', 'panjat', 'pohon', 'rela2in', 'bayar', 'ratusan', 'ribu', 'per', 'orang'];rt user orang kota juga tingkahnya lucu kalau ke desa naik kerbau tanam padi dan panjat pohon rela2in bayar ratusan ribu per orang;rt user orang kota tingkah lucu kalau desa naik kerbau tanam padi panjat pohon rela2in bayar ratus ribu per orang
64;64;2022-10-30 14:20:03+00:00;iskymell;Masyaallah ğŸ¥¹ğŸ«¡ https://t.co/2uysD6U0KQ;0;masyaallah co2uysd6u0kq;['masyaallah', 'co2uysd6u0kq'];['masyaallah', 'co2uysd6u0kq'];masyaallah co2uysd6u0kq;masyaallah co2uysd6u0kq
65;65;2022-10-30 14:20:01+00:00;eunikero;"RT @lantip: sementara di sini, yg mestinya bertanggungjawab malah fun football. 

para petinggi kita memang belum genap belajar adab :|";1;rt user sementara di sini yg mestinya bertanggungjawab malah fun football para petinggi kita memang belum genap belajar adab sad;['rt', 'user', 'sementara', 'di', 'sini', 'yg', 'mestinya', 'bertanggungjawab', 'malah', 'fun', 'football', 'para', 'petinggi', 'kita', 'memang', 'belum', 'genap', 'belajar', 'adab', 'sad'];['rt', 'user', 'sementara', 'di', 'sini', 'yg', 'mestinya', 'bertanggungjawab', 'malah', 'fun', 'football', 'para', 'petinggi', 'kita', 'memang', 'belum', 'genap', 'belajar', 'adab', 'sad'];rt user sementara di sini yg mestinya bertanggungjawab malah fun football para petinggi kita memang belum genap belajar adab sad;rt user di sini yg mesti bertanggungjawab malah fun football petinggi memang genap ajar adab sad
66;66;2022-10-30 14:20:00+00:00;Peonny___;@detikcom Ini teh dia lagi bercanda dong sama buibu ğŸ˜­;0;user ini teh dia lagi bercanda dong sama buibu;['user', 'ini', 'teh', 'dia', 'lagi', 'bercanda', 'dong', 'sama', 'buibu'];['user', 'ini', 'teh', 'dia', 'lagi', 'bercanda', 'dong', 'sama', 'buibu'];user ini teh dia lagi bercanda dong sama buibu;user teh lagi canda dong sama buibu
67;67;2022-10-30 14:19:58+00:00;AriefLucky4;"RT @okkymadasari: Saya akan ikut dlm barisan yg melawan kalau sampai event seperti HijrahFest &amp; HijabFest dilarang. 

Jangan sampai pemerinâ€¦";0;rt user saya akan ikut dlm barisan yg melawan kalau sampai event seperti hijrahfest hijabfest dilarang jangan sampai pemerin;['rt', 'user', 'saya', 'akan', 'ikut', 'dlm', 'barisan', 'yg', 'melawan', 'kalau', 'sampai', 'event', 'seperti', 'hijrahfest', 'hijabfest', 'dilarang', 'jangan', 'sampai', 'pemerin'];['rt', 'user', 'saya', 'akan', 'ikut', 'dlm', 'barisan', 'yg', 'melawan', 'kalau', 'sampai', 'event', 'seperti', 'hijrahfest', 'hijabfest', 'dilarang', 'jangan', 'sampai', 'pemerin'];rt user saya akan ikut dlm barisan yg melawan kalau sampai event seperti hijrahfest hijabfest dilarang jangan sampai pemerin;rt user akan ikut dlm baris yg lawan kalau event hijrahfest hijabfest larang jangan pemerin
68;68;2022-10-30 14:19:58+00:00;SonjayaJW;RT @heyylennon: Warga Jakarta heboh saat melihat sawah dan pisang goreng di kopi klotok kaliurang. Mereka menyebutnya healing.;0;rt user warga jakarta heboh saat melihat sawah dan pisang goreng di kopi klotok kaliurang mereka menyebutnya healing;['rt', 'user', 'warga', 'jakarta', 'heboh', 'saat', 'melihat', 'sawah', 'dan', 'pisang', 'goreng', 'di', 'kopi', 'klotok', 'kaliurang', 'mereka', 'menyebutnya', 'healing'];['rt', 'user', 'warga', 'jakarta', 'heboh', 'saat', 'melihat', 'sawah', 'dan', 'pisang', 'goreng', 'di', 'kopi', 'klotok', 'kaliurang', 'mereka', 'menyebutnya', 'healing'];rt user warga jakarta heboh saat melihat sawah dan pisang goreng di kopi klotok kaliurang mereka menyebutnya healing;rt user warga jakarta heboh lihat sawah pisang goreng kopi klotok kaliurang sebut healing
69;69;2022-10-30 14:19:47+00:00;Y87Mo;@detikcom Keputusan yg tepat;0;user keputusan yg tepat;['user', 'keputusan', 'yg', 'tepat'];['user', 'keputusan', 'yg', 'tepat'];user keputusan yg tepat;user putus yg tepat
70;70;2022-10-30 14:19:31+00:00;rakabekk;RT @AgusMagelangan: Ga tau aja tingkah orang-orang metropolitan yang mau bayar 300 ribu buat naik kebo dan nanam bibit padi dan bayar 250 râ€¦;0;rt user ga tau aja tingkah orang orang metropolitan yang mau bayar number ribu buat naik kebo dan nanam bibit padi dan bayar number;['rt', 'user', 'ga', 'tau', 'aja', 'tingkah', 'orang', 'orang', 'metropolitan', 'yang', 'mau', 'bayar', 'number', 'ribu', 'buat', 'naik', 'kebo', 'dan', 'nanam', 'bibit', 'padi', 'dan', 'bayar', 'number'];['rt', 'user', 'ga', 'tau', 'aja', 'tingkah', 'orang', 'orang', 'metropolitan', 'yang', 'mau', 'bayar', 'number', 'ribu', 'buat', 'naik', 'kebo', 'dan', 'nanam', 'bibit', 'padi', 'dan', 'bayar', 'number'];rt user ga tau aja tingkah orang orang metropolitan yang mau bayar number ribu buat naik kebo dan nanam bibit padi dan bayar number;rt user ga tau aja tingkah orang orang metropolitan mau bayar number ribu buat naik kebo nanam bibit padi bayar number
71;71;2022-10-30 14:19:26+00:00;_jihanabila369;@centuryJKT48 @detikcom Ga gitu konsepnya. Bsu itu buat karyawan yang gajinya dibawah 3.5 JT. Jadi sudah seharusnyaâ€¦ https://t.co/aX7f3qWja3;0;user user ga gitu konsepnya bsu itu buat karyawan yang gajinya dibawah number jt jadi sudah seharusnya coax7f3qwja3;['user', 'user', 'ga', 'gitu', 'konsepnya', 'bsu', 'itu', 'buat', 'karyawan', 'yang', 'gajinya', 'dibawah', 'number', 'jt', 'jadi', 'sudah', 'seharusnya', 'coax7f3qwja3'];['user', 'user', 'ga', 'gitu', 'konsepnya', 'bsu', 'itu', 'buat', 'karyawan', 'yang', 'gajinya', 'dibawah', 'number', 'jt', 'jadi', 'sudah', 'seharusnya', 'coax7f3qwja3'];user user ga gitu konsepnya bsu itu buat karyawan yang gajinya dibawah number jt jadi sudah seharusnya coax7f3qwja3;user user ga gitu konsep bsu buat karyawan gaji bawah number jt jadi harus coax7f3qwja3
72;72;2022-10-30 14:19:22+00:00;Anto1157;"RT @Kak1Lang1t: Wahai @nahdlatululama 
Acara Hijrah Fest &amp; Hijab Fest yg mencoba dekatkan umat ke Tuhannya kalian larang..

Sementara acaraâ€¦";0;rt user wahai user acara hijrah fest hijab fest yg mencoba dekatkan umat ke tuhannya kalian larang sementara acara;['rt', 'user', 'wahai', 'user', 'acara', 'hijrah', 'fest', 'hijab', 'fest', 'yg', 'mencoba', 'dekatkan', 'umat', 'ke', 'tuhannya', 'kalian', 'larang', 'sementara', 'acara'];['rt', 'user', 'wahai', 'user', 'acara', 'hijrah', 'fest', 'hijab', 'fest', 'yg', 'mencoba', 'dekatkan', 'umat', 'ke', 'tuhannya', 'kalian', 'larang', 'sementara', 'acara'];rt user wahai user acara hijrah fest hijab fest yg mencoba dekatkan umat ke tuhannya kalian larang sementara acara;rt user wahai user acara hijrah fest hijab fest yg coba dekat umat tuhan kalian larang acara
73;73;2022-10-30 14:19:21+00:00;wwwngie;RT @heyylennon: Warga Jakarta heboh saat melihat sawah dan pisang goreng di kopi klotok kaliurang. Mereka menyebutnya healing.;0;rt user warga jakarta heboh saat melihat sawah dan pisang goreng di kopi klotok kaliurang mereka menyebutnya healing;['rt', 'user', 'warga', 'jakarta', 'heboh', 'saat', 'melihat', 'sawah', 'dan', 'pisang', 'goreng', 'di', 'kopi', 'klotok', 'kaliurang', 'mereka', 'menyebutnya', 'healing'];['rt', 'user', 'warga', 'jakarta', 'heboh', 'saat', 'melihat', 'sawah', 'dan', 'pisang', 'goreng', 'di', 'kopi', 'klotok', 'kaliurang', 'mereka', 'menyebutnya', 'healing'];rt user warga jakarta heboh saat melihat sawah dan pisang goreng di kopi klotok kaliurang mereka menyebutnya healing;rt user warga jakarta heboh lihat sawah pisang goreng kopi klotok kaliurang sebut healing
74;74;2022-10-30 14:19:17+00:00;jjweenn;@detikcom @bangtanfavor @detik_jatim neraka: tambah lagi beban satu;0;user user user neraka tambah lagi beban satu;['user', 'user', 'user', 'neraka', 'tambah', 'lagi', 'beban', 'satu'];['user', 'user', 'user', 'neraka', 'tambah', 'lagi', 'beban', 'satu'];user user user neraka tambah lagi beban satu;user user user neraka tambah beban satu
75;75;2022-10-30 14:18:27+00:00;detikcom;Sebanyak 88 PNS lingkup Pemkot Parepare diminta mengembalikan dana Bantuan Subsidi Upah (BSU). Berikut info selengkâ€¦ https://t.co/um8A1tbaJM;0;sebanyak number pns lingkup pemkot parepare diminta mengembalikan dana bantuan subsidi upah bsu berikut info selengk coum8a1tbajm;['sebanyak', 'number', 'pns', 'lingkup', 'pemkot', 'parepare', 'diminta', 'mengembalikan', 'dana', 'bantuan', 'subsidi', 'upah', 'bsu', 'berikut', 'info', 'selengk', 'coum8a1tbajm'];['sebanyak', 'number', 'pns', 'lingkup', 'pemkot', 'parepare', 'diminta', 'mengembalikan', 'dana', 'bantuan', 'subsidi', 'upah', 'bsu', 'berikut', 'info', 'selengk', 'coum8a1tbajm'];sebanyak number pns lingkup pemkot parepare diminta mengembalikan dana bantuan subsidi upah bsu berikut info selengk coum8a1tbajm;banyak number pns lingkup pemkot parepare minta kembali dana bantu subsidi upah bsu ikut info selengk coum8a1tbajm
76;76;2022-10-30 14:18:24+00:00;AuliaRasika;@detikcom Kenapa sih kronoligisnya bisa hilang ada yang tau ga sih;0;user kenapa sih kronoligisnya bisa hilang ada yang tau ga sih;['user', 'kenapa', 'sih', 'kronoligisnya', 'bisa', 'hilang', 'ada', 'yang', 'tau', 'ga', 'sih'];['user', 'kenapa', 'sih', 'kronoligisnya', 'bisa', 'hilang', 'ada', 'yang', 'tau', 'ga', 'sih'];user kenapa sih kronoligisnya bisa hilang ada yang tau ga sih;user sih kronoligisnya hilang yang tau ga sih
77;77;2022-10-30 14:18:20+00:00;putriprstya;RT @AgusMagelangan: Ga tau aja tingkah orang-orang metropolitan yang mau bayar 300 ribu buat naik kebo dan nanam bibit padi dan bayar 250 râ€¦;0;rt user ga tau aja tingkah orang orang metropolitan yang mau bayar number ribu buat naik kebo dan nanam bibit padi dan bayar number;['rt', 'user', 'ga', 'tau', 'aja', 'tingkah', 'orang', 'orang', 'metropolitan', 'yang', 'mau', 'bayar', 'number', 'ribu', 'buat', 'naik', 'kebo', 'dan', 'nanam', 'bibit', 'padi', 'dan', 'bayar', 'number'];['rt', 'user', 'ga', 'tau', 'aja', 'tingkah', 'orang', 'orang', 'metropolitan', 'yang', 'mau', 'bayar', 'number', 'ribu', 'buat', 'naik', 'kebo', 'dan', 'nanam', 'bibit', 'padi', 'dan', 'bayar', 'number'];rt user ga tau aja tingkah orang orang metropolitan yang mau bayar number ribu buat naik kebo dan nanam bibit padi dan bayar number;rt user ga tau aja tingkah orang orang metropolitan mau bayar number ribu buat naik kebo nanam bibit padi bayar number
78;78;2022-10-30 14:18:16+00:00;urpwettybb;RT @heyylennon: Warga Jakarta heboh saat melihat sawah dan pisang goreng di kopi klotok kaliurang. Mereka menyebutnya healing.;0;rt user warga jakarta heboh saat melihat sawah dan pisang goreng di kopi klotok kaliurang mereka menyebutnya healing;['rt', 'user', 'warga', 'jakarta', 'heboh', 'saat', 'melihat', 'sawah', 'dan', 'pisang', 'goreng', 'di', 'kopi', 'klotok', 'kaliurang', 'mereka', 'menyebutnya', 'healing'];['rt', 'user', 'warga', 'jakarta', 'heboh', 'saat', 'melihat', 'sawah', 'dan', 'pisang', 'goreng', 'di', 'kopi', 'klotok', 'kaliurang', 'mereka', 'menyebutnya', 'healing'];rt user warga jakarta heboh saat melihat sawah dan pisang goreng di kopi klotok kaliurang mereka menyebutnya healing;rt user warga jakarta heboh lihat sawah pisang goreng kopi klotok kaliurang sebut healing
79;79;2022-10-30 14:18:15+00:00;bipolaritsmae;RT @heyylennon: Warga Jakarta heboh saat melihat sawah dan pisang goreng di kopi klotok kaliurang. Mereka menyebutnya healing.;0;rt user warga jakarta heboh saat melihat sawah dan pisang goreng di kopi klotok kaliurang mereka menyebutnya healing;['rt', 'user', 'warga', 'jakarta', 'heboh', 'saat', 'melihat', 'sawah', 'dan', 'pisang', 'goreng', 'di', 'kopi', 'klotok', 'kaliurang', 'mereka', 'menyebutnya', 'healing'];['rt', 'user', 'warga', 'jakarta', 'heboh', 'saat', 'melihat', 'sawah', 'dan', 'pisang', 'goreng', 'di', 'kopi', 'klotok', 'kaliurang', 'mereka', 'menyebutnya', 'healing'];rt user warga jakarta heboh saat melihat sawah dan pisang goreng di kopi klotok kaliurang mereka menyebutnya healing;rt user warga jakarta heboh lihat sawah pisang goreng kopi klotok kaliurang sebut healing
80;80;2022-10-30 14:18:10+00:00;urpwettybb;RT @AgusMagelangan: Ga tau aja tingkah orang-orang metropolitan yang mau bayar 300 ribu buat naik kebo dan nanam bibit padi dan bayar 250 râ€¦;0;rt user ga tau aja tingkah orang orang metropolitan yang mau bayar number ribu buat naik kebo dan nanam bibit padi dan bayar number;['rt', 'user', 'ga', 'tau', 'aja', 'tingkah', 'orang', 'orang', 'metropolitan', 'yang', 'mau', 'bayar', 'number', 'ribu', 'buat', 'naik', 'kebo', 'dan', 'nanam', 'bibit', 'padi', 'dan', 'bayar', 'number'];['rt', 'user', 'ga', 'tau', 'aja', 'tingkah', 'orang', 'orang', 'metropolitan', 'yang', 'mau', 'bayar', 'number', 'ribu', 'buat', 'naik', 'kebo', 'dan', 'nanam', 'bibit', 'padi', 'dan', 'bayar', 'number'];rt user ga tau aja tingkah orang orang metropolitan yang mau bayar number ribu buat naik kebo dan nanam bibit padi dan bayar number;rt user ga tau aja tingkah orang orang metropolitan mau bayar number ribu buat naik kebo nanam bibit padi bayar number
81;81;2022-10-30 14:17:55+00:00;WariorXman;@detikcom Usut sampai tuntas, siapa saja yg kasih makan itu teroris dr magetan.;0;user usut sampai tuntas siapa saja yg kasih makan itu teroris dr magetan;['user', 'usut', 'sampai', 'tuntas', 'siapa', 'saja', 'yg', 'kasih', 'makan', 'itu', 'teroris', 'dr', 'magetan'];['user', 'usut', 'sampai', 'tuntas', 'siapa', 'saja', 'yg', 'kasih', 'makan', 'itu', 'teroris', 'dr', 'magetan'];user usut sampai tuntas siapa saja yg kasih makan itu teroris dr magetan;user usut tuntas siapa yg kasih makan teroris dr magetan
82;82;2022-10-30 14:17:53+00:00;fridayferdy;RT @heyylennon: Warga Jakarta heboh saat melihat sawah dan pisang goreng di kopi klotok kaliurang. Mereka menyebutnya healing.;0;rt user warga jakarta heboh saat melihat sawah dan pisang goreng di kopi klotok kaliurang mereka menyebutnya healing;['rt', 'user', 'warga', 'jakarta', 'heboh', 'saat', 'melihat', 'sawah', 'dan', 'pisang', 'goreng', 'di', 'kopi', 'klotok', 'kaliurang', 'mereka', 'menyebutnya', 'healing'];['rt', 'user', 'warga', 'jakarta', 'heboh', 'saat', 'melihat', 'sawah', 'dan', 'pisang', 'goreng', 'di', 'kopi', 'klotok', 'kaliurang', 'mereka', 'menyebutnya', 'healing'];rt user warga jakarta heboh saat melihat sawah dan pisang goreng di kopi klotok kaliurang mereka menyebutnya healing;rt user warga jakarta heboh lihat sawah pisang goreng kopi klotok kaliurang sebut healing
83;83;2022-10-30 14:17:49+00:00;HeySeptianM;@detikcom rek umroh sugan panitia na;0;user rek umroh sugan panitia na;['user', 'rek', 'umroh', 'sugan', 'panitia', 'na'];['user', 'rek', 'umroh', 'sugan', 'panitia', 'na'];user rek umroh sugan panitia na;user rek umroh sugan panitia na
84;84;2022-10-30 14:17:47+00:00;daddyduckkk;@detikcom Org kanker aja ga diurusin suster/dokter kl pk BPJS, ni lg skinker.;0;user org kanker aja ga diurusin suster dokter kl pk bpjs ni lg skinker;['user', 'org', 'kanker', 'aja', 'ga', 'diurusin', 'suster', 'dokter', 'kl', 'pk', 'bpjs', 'ni', 'lg', 'skinker'];['user', 'org', 'kanker', 'aja', 'ga', 'diurusin', 'suster', 'dokter', 'kl', 'pk', 'bpjs', 'ni', 'lg', 'skinker'];user org kanker aja ga diurusin suster dokter kl pk bpjs ni lg skinker;user org kanker aja ga diurusin suster dokter kl pk bpjs ni lg skinker
85;85;2022-10-30 14:17:23+00:00;calciieum;RT @heyylennon: Warga Jakarta heboh saat melihat sawah dan pisang goreng di kopi klotok kaliurang. Mereka menyebutnya healing.;0;rt user warga jakarta heboh saat melihat sawah dan pisang goreng di kopi klotok kaliurang mereka menyebutnya healing;['rt', 'user', 'warga', 'jakarta', 'heboh', 'saat', 'melihat', 'sawah', 'dan', 'pisang', 'goreng', 'di', 'kopi', 'klotok', 'kaliurang', 'mereka', 'menyebutnya', 'healing'];['rt', 'user', 'warga', 'jakarta', 'heboh', 'saat', 'melihat', 'sawah', 'dan', 'pisang', 'goreng', 'di', 'kopi', 'klotok', 'kaliurang', 'mereka', 'menyebutnya', 'healing'];rt user warga jakarta heboh saat melihat sawah dan pisang goreng di kopi klotok kaliurang mereka menyebutnya healing;rt user warga jakarta heboh lihat sawah pisang goreng kopi klotok kaliurang sebut healing
86;86;2022-10-30 14:17:15+00:00;akunkutriplea;"@centuryJKT48 @nindydwis @detikcom Lu nanya apa lagi berpendapat? 
Kalo dari penjelasan diatas, kayaknya lu lagi sok tai soalnya";0;user user user lu nanya apa lagi berpendapat kalo dari penjelasan diatas kayaknya lu lagi sok tai soalnya;['user', 'user', 'user', 'lu', 'nanya', 'apa', 'lagi', 'berpendapat', 'kalo', 'dari', 'penjelasan', 'diatas', 'kayaknya', 'lu', 'lagi', 'sok', 'tai', 'soalnya'];['user', 'user', 'user', 'lu', 'nanya', 'apa', 'lagi', 'berpendapat', 'kalo', 'dari', 'penjelasan', 'diatas', 'kayaknya', 'lu', 'lagi', 'sok', 'tai', 'soalnya'];user user user lu nanya apa lagi berpendapat kalo dari penjelasan diatas kayaknya lu lagi sok tai soalnya;user user user lu nanya apa dapat kalo jelas atas kayak lu sok tai soal
87;87;2022-10-30 14:17:13+00:00;detikcom;Pengisi suara Pak Ogah si 'Unyil' dikabarkan mengalami stroke kedua di sebelah kiri. Apa bedanya dengan stroke sebeâ€¦ https://t.co/sXb3YxvSPN;0;pengisi suara pak ogah si unyil dikabarkan mengalami stroke kedua di sebelah kiri apa bedanya dengan stroke sebe cosxb3yxvspn;['pengisi', 'suara', 'pak', 'ogah', 'si', 'unyil', 'dikabarkan', 'mengalami', 'stroke', 'kedua', 'di', 'sebelah', 'kiri', 'apa', 'bedanya', 'dengan', 'stroke', 'sebe', 'cosxb3yxvspn'];['pengisi', 'suara', 'pak', 'ogah', 'si', 'unyil', 'dikabarkan', 'mengalami', 'stroke', 'kedua', 'di', 'sebelah', 'kiri', 'apa', 'bedanya', 'dengan', 'stroke', 'sebe', 'cosxb3yxvspn'];pengisi suara pak ogah si unyil dikabarkan mengalami stroke kedua di sebelah kiri apa bedanya dengan stroke sebe cosxb3yxvspn;isi suara pak ogah si unyil kabar alami stroke dua belah kiri apa beda stroke sebe cosxb3yxvspn
88;88;2022-10-30 14:16:56+00:00;mohammedsabeq;"RT @lantip: sementara di sini, yg mestinya bertanggungjawab malah fun football. 

para petinggi kita memang belum genap belajar adab :|";1;rt user sementara di sini yg mestinya bertanggungjawab malah fun football para petinggi kita memang belum genap belajar adab sad;['rt', 'user', 'sementara', 'di', 'sini', 'yg', 'mestinya', 'bertanggungjawab', 'malah', 'fun', 'football', 'para', 'petinggi', 'kita', 'memang', 'belum', 'genap', 'belajar', 'adab', 'sad'];['rt', 'user', 'sementara', 'di', 'sini', 'yg', 'mestinya', 'bertanggungjawab', 'malah', 'fun', 'football', 'para', 'petinggi', 'kita', 'memang', 'belum', 'genap', 'belajar', 'adab', 'sad'];rt user sementara di sini yg mestinya bertanggungjawab malah fun football para petinggi kita memang belum genap belajar adab sad;rt user di sini yg mesti bertanggungjawab malah fun football petinggi memang genap ajar adab sad
89;89;2022-10-30 14:16:52+00:00;SamsulH51223896;@detikcom JarJi... JarBeh .. Ganjar Siji... Ganjar Kabeh;0;user jarji jarbeh ganjar siji ganjar kabeh;['user', 'jarji', 'jarbeh', 'ganjar', 'siji', 'ganjar', 'kabeh'];['user', 'jarji', 'jarbeh', 'ganjar', 'siji', 'ganjar', 'kabeh'];user jarji jarbeh ganjar siji ganjar kabeh;user jarji jarbeh ganjar siji ganjar kabeh
90;90;2022-10-30 14:16:44+00:00;mujaaulia29;"ğŸ˜‚ğŸ˜‚ğŸ˜‚ğŸ˜‚ğŸ˜‚ğŸ˜‚ğŸ˜‚ğŸ˜‚ğŸ˜‚ğŸ˜‚ğŸ˜‚
Radikal radikul
Isu yang selalu di goreng di tengah masyarakat Indonesia.
Tidak sadar bahwa warga Chinaâ€¦ https://t.co/bJa2ffMDNa";0;radikal radikul isu yang selalu di goreng di tengah masyarakat indonesia tidak sadar bahwa warga china cobja2ffmdna;['radikal', 'radikul', 'isu', 'yang', 'selalu', 'di', 'goreng', 'di', 'tengah', 'masyarakat', 'indonesia', 'tidak', 'sadar', 'bahwa', 'warga', 'china', 'cobja2ffmdna'];['radikal', 'radikul', 'isu', 'yang', 'selalu', 'di', 'goreng', 'di', 'tengah', 'masyarakat', 'indonesia', 'tidak', 'sadar', 'bahwa', 'warga', 'china', 'cobja2ffmdna'];radikal radikul isu yang selalu di goreng di tengah masyarakat indonesia tidak sadar bahwa warga china cobja2ffmdna;radikal radikul isu selalu goreng tengah masyarakat indonesia sadar warga china cobja2ffmdna
91;91;2022-10-30 14:16:41+00:00;valkyrie7650;@detikcom Foto calon2 komisaris nih;0;user foto calon2 komisaris nih;['user', 'foto', 'calon2', 'komisaris', 'nih'];['user', 'foto', 'calon2', 'komisaris', 'nih'];user foto calon2 komisaris nih;user foto calon2 komisaris nih
92;92;2022-10-30 14:16:37+00:00;uriekyn;RT @AgusMagelangan: Ga tau aja tingkah orang-orang metropolitan yang mau bayar 300 ribu buat naik kebo dan nanam bibit padi dan bayar 250 râ€¦;0;rt user ga tau aja tingkah orang orang metropolitan yang mau bayar number ribu buat naik kebo dan nanam bibit padi dan bayar number;['rt', 'user', 'ga', 'tau', 'aja', 'tingkah', 'orang', 'orang', 'metropolitan', 'yang', 'mau', 'bayar', 'number', 'ribu', 'buat', 'naik', 'kebo', 'dan', 'nanam', 'bibit', 'padi', 'dan', 'bayar', 'number'];['rt', 'user', 'ga', 'tau', 'aja', 'tingkah', 'orang', 'orang', 'metropolitan', 'yang', 'mau', 'bayar', 'number', 'ribu', 'buat', 'naik', 'kebo', 'dan', 'nanam', 'bibit', 'padi', 'dan', 'bayar', 'number'];rt user ga tau aja tingkah orang orang metropolitan yang mau bayar number ribu buat naik kebo dan nanam bibit padi dan bayar number;rt user ga tau aja tingkah orang orang metropolitan mau bayar number ribu buat naik kebo nanam bibit padi bayar number
93;93;2022-10-30 14:16:35+00:00;daffaibn;RT @heyylennon: Warga Jakarta heboh saat melihat sawah dan pisang goreng di kopi klotok kaliurang. Mereka menyebutnya healing.;0;rt user warga jakarta heboh saat melihat sawah dan pisang goreng di kopi klotok kaliurang mereka menyebutnya healing;['rt', 'user', 'warga', 'jakarta', 'heboh', 'saat', 'melihat', 'sawah', 'dan', 'pisang', 'goreng', 'di', 'kopi', 'klotok', 'kaliurang', 'mereka', 'menyebutnya', 'healing'];['rt', 'user', 'warga', 'jakarta', 'heboh', 'saat', 'melihat', 'sawah', 'dan', 'pisang', 'goreng', 'di', 'kopi', 'klotok', 'kaliurang', 'mereka', 'menyebutnya', 'healing'];rt user warga jakarta heboh saat melihat sawah dan pisang goreng di kopi klotok kaliurang mereka menyebutnya healing;rt user warga jakarta heboh lihat sawah pisang goreng kopi klotok kaliurang sebut healing
94;94;2022-10-30 14:16:32+00:00;nadgreal0;RT @heyylennon: Warga Jakarta heboh saat melihat sawah dan pisang goreng di kopi klotok kaliurang. Mereka menyebutnya healing.;0;rt user warga jakarta heboh saat melihat sawah dan pisang goreng di kopi klotok kaliurang mereka menyebutnya healing;['rt', 'user', 'warga', 'jakarta', 'heboh', 'saat', 'melihat', 'sawah', 'dan', 'pisang', 'goreng', 'di', 'kopi', 'klotok', 'kaliurang', 'mereka', 'menyebutnya', 'healing'];['rt', 'user', 'warga', 'jakarta', 'heboh', 'saat', 'melihat', 'sawah', 'dan', 'pisang', 'goreng', 'di', 'kopi', 'klotok', 'kaliurang', 'mereka', 'menyebutnya', 'healing'];rt user warga jakarta heboh saat melihat sawah dan pisang goreng di kopi klotok kaliurang mereka menyebutnya healing;rt user warga jakarta heboh lihat sawah pisang goreng kopi klotok kaliurang sebut healing
95;95;2022-10-30 14:16:08+00:00;_Ryuuma;"RT @Outstandjing: Bayangin selama ini mereka bisa menikmati weekend tanpa ke Mall, what a bliss

Unthinkable for Jakartans";-1;rt user bayangin selama ini mereka bisa menikmati weekend tanpa ke mall what bliss unthinkable for jakartans;['rt', 'user', 'bayangin', 'selama', 'ini', 'mereka', 'bisa', 'menikmati', 'weekend', 'tanpa', 'ke', 'mall', 'what', 'bliss', 'unthinkable', 'for', 'jakartans'];['rt', 'user', 'bayangin', 'selama', 'ini', 'mereka', 'bisa', 'menikmati', 'weekend', 'tanpa', 'ke', 'mall', 'what', 'bliss', 'unthinkable', 'for', 'jakartans'];rt user bayangin selama ini mereka bisa menikmati weekend tanpa ke mall what bliss unthinkable for jakartans;rt user bayangin lama mereka nikmat weekend ke mall what bliss unthinkable for jakartans
96;96;2022-10-30 14:16:04+00:00;codikaffffff;@detikcom Demi sdm glowing;0;user demi sdm glowing;['user', 'demi', 'sdm', 'glowing'];['user', 'demi', 'sdm', 'glowing'];user demi sdm glowing;user sdm glowing
97;97;2022-10-30 14:15:54+00:00;elisyazein;RT @heyylennon: Warga Jakarta heboh saat melihat sawah dan pisang goreng di kopi klotok kaliurang. Mereka menyebutnya healing.;0;rt user warga jakarta heboh saat melihat sawah dan pisang goreng di kopi klotok kaliurang mereka menyebutnya healing;['rt', 'user', 'warga', 'jakarta', 'heboh', 'saat', 'melihat', 'sawah', 'dan', 'pisang', 'goreng', 'di', 'kopi', 'klotok', 'kaliurang', 'mereka', 'menyebutnya', 'healing'];['rt', 'user', 'warga', 'jakarta', 'heboh', 'saat', 'melihat', 'sawah', 'dan', 'pisang', 'goreng', 'di', 'kopi', 'klotok', 'kaliurang', 'mereka', 'menyebutnya', 'healing'];rt user warga jakarta heboh saat melihat sawah dan pisang goreng di kopi klotok kaliurang mereka menyebutnya healing;rt user warga jakarta heboh lihat sawah pisang goreng kopi klotok kaliurang sebut healing
98;98;2022-10-30 14:15:50+00:00;trinugroho162;"RT @restyca_yah: ğŸ¤£ğŸ¤£ Si fadli ketakutan di tempeleng mantu si Luhut 

Klu ini beneran teroris di istana yg bakal dipecat ya  Ndan Paspampresâ€¦";0;rt user si fadli ketakutan di tempeleng mantu si luhut klu ini beneran teroris di istana yg bakal dipecat ya ndan paspampres;['rt', 'user', 'si', 'fadli', 'ketakutan', 'di', 'tempeleng', 'mantu', 'si', 'luhut', 'klu', 'ini', 'beneran', 'teroris', 'di', 'istana', 'yg', 'bakal', 'dipecat', 'ya', 'ndan', 'paspampres'];['rt', 'user', 'si', 'fadli', 'ketakutan', 'di', 'tempeleng', 'mantu', 'si', 'luhut', 'klu', 'ini', 'beneran', 'teroris', 'di', 'istana', 'yg', 'bakal', 'dipecat', 'ya', 'ndan', 'paspampres'];rt user si fadli ketakutan di tempeleng mantu si luhut klu ini beneran teroris di istana yg bakal dipecat ya ndan paspampres;rt user si fadli takut tempeleng mantu si luhut klu beneran teroris istana yg bakal pecat ndan paspampres
99;99;2022-10-30 14:15:50+00:00;dewata141;@detikcom Jangan terulang lagi penonton berlebih setelah kajadian belakangan ini.tindak tegas panitia cari untung yâ€¦ https://t.co/KJ366eaGqq;0;user jangan terulang lagi penonton berlebih setelah kajadian belakangan ini tindak tegas panitia cari untung cokj366eagqq;['user', 'jangan', 'terulang', 'lagi', 'penonton', 'berlebih', 'setelah', 'kajadian', 'belakangan', 'ini', 'tindak', 'tegas', 'panitia', 'cari', 'untung', 'cokj366eagqq'];['user', 'jangan', 'terulang', 'lagi', 'penonton', 'berlebih', 'setelah', 'kajadian', 'belakangan', 'ini', 'tindak', 'tegas', 'panitia', 'cari', 'untung', 'cokj366eagqq'];user jangan terulang lagi penonton berlebih setelah kajadian belakangan ini tindak tegas panitia cari untung cokj366eagqq;user jangan ulang tonton lebih kajadian belakang tindak tegas panitia cari untung cokj366eagqq
